solid github_commit_hearts
facet normal 0 0 -1
 outer loop
  vertex 0 -0.36 4.96
  vertex 0 0.36 4.96
  vertex 0.96 0.36 4.96
 endloop
endfacet
facet normal 0 0 -1
 outer loop
  vertex 0 -0.36 4.96
  vertex 0.96 0.36 4.96
  vertex 0.96 -0.36 4.96
 endloop
endfacet
facet normal 0 0 1
 outer loop
  vertex 0 -0.36 5.92
  vertex 0.96 -0.36 5.92
  vertex 0.96 0.36 5.92
 endloop
endfacet
facet normal 0 0 1
 outer loop
  vertex 0 -0.36 5.92
  vertex 0.96 0.36 5.92
  vertex 0 0.36 5.92
 endloop
endfacet
facet normal 0 -1 0
 outer loop
  vertex 0 -0.36 4.96
  vertex 0.96 -0.36 4.96
  vertex 0.96 -0.36 5.92
 endloop
endfacet
facet normal 0 -1 0
 outer loop
  vertex 0 -0.36 4.96
  vertex 0.96 -0.36 5.92
  vertex 0 -0.36 5.92
 endloop
endfacet
facet normal 0 1 0
 outer loop
  vertex 0 0.36 4.96
  vertex 0 0.36 5.92
  vertex 0.96 0.36 5.92
 endloop
endfacet
facet normal 0 1 0
 outer loop
  vertex 0 0.36 4.96
  vertex 0.96 0.36 5.92
  vertex 0.96 0.36 4.96
 endloop
endfacet
facet normal -1 0 0
 outer loop
  vertex 0 -0.36 4.96
  vertex 0 -0.36 5.92
  vertex 0 0.36 5.92
 endloop
endfacet
facet normal -1 0 0
 outer loop
  vertex 0 -0.36 4.96
  vertex 0 0.36 5.92
  vertex 0 0.36 4.96
 endloop
endfacet
facet normal 1 0 0
 outer loop
  vertex 0.96 -0.36 4.96
  vertex 0.96 0.36 4.96
  vertex 0.96 0.36 5.92
 endloop
endfacet
facet normal 1 0 0
 outer loop
  vertex 0.96 -0.36 4.96
  vertex 0.96 0.36 5.92
  vertex 0.96 -0.36 5.92
 endloop
endfacet
facet normal 0 0 -1
 outer loop
  vertex 0 -0.36 3.72
  vertex 0 0.36 3.72
  vertex 0.96 0.36 3.72
 endloop
endfacet
facet normal 0 0 -1
 outer loop
  vertex 0 -0.36 3.72
  vertex 0.96 0.36 3.72
  vertex 0.96 -0.36 3.72
 endloop
endfacet
facet normal 0 0 1
 outer loop
  vertex 0 -0.36 4.68
  vertex 0.96 -0.36 4.68
  vertex 0.96 0.36 4.68
 endloop
endfacet
facet normal 0 0 1
 outer loop
  vertex 0 -0.36 4.68
  vertex 0.96 0.36 4.68
  vertex 0 0.36 4.68
 endloop
endfacet
facet normal 0 -1 0
 outer loop
  vertex 0 -0.36 3.72
  vertex 0.96 -0.36 3.72
  vertex 0.96 -0.36 4.68
 endloop
endfacet
facet normal 0 -1 0
 outer loop
  vertex 0 -0.36 3.72
  vertex 0.96 -0.36 4.68
  vertex 0 -0.36 4.68
 endloop
endfacet
facet normal 0 1 0
 outer loop
  vertex 0 0.36 3.72
  vertex 0 0.36 4.68
  vertex 0.96 0.36 4.68
 endloop
endfacet
facet normal 0 1 0
 outer loop
  vertex 0 0.36 3.72
  vertex 0.96 0.36 4.68
  vertex 0.96 0.36 3.72
 endloop
endfacet
facet normal -1 0 0
 outer loop
  vertex 0 -0.36 3.72
  vertex 0 -0.36 4.68
  vertex 0 0.36 4.68
 endloop
endfacet
facet normal -1 0 0
 outer loop
  vertex 0 -0.36 3.72
  vertex 0 0.36 4.68
  vertex 0 0.36 3.72
 endloop
endfacet
facet normal 1 0 0
 outer loop
  vertex 0.96 -0.36 3.72
  vertex 0.96 0.36 3.72
  vertex 0.96 0.36 4.68
 endloop
endfacet
facet normal 1 0 0
 outer loop
  vertex 0.96 -0.36 3.72
  vertex 0.96 0.36 4.68
  vertex 0.96 -0.36 4.68
 endloop
endfacet
facet normal 0 0 -1
 outer loop
  vertex 1.24 -0.36 6.2
  vertex 1.24 0.36 6.2
  vertex 2.2 0.36 6.2
 endloop
endfacet
facet normal 0 0 -1
 outer loop
  vertex 1.24 -0.36 6.2
  vertex 2.2 0.36 6.2
  vertex 2.2 -0.36 6.2
 endloop
endfacet
facet normal 0 0 1
 outer loop
  vertex 1.24 -0.36 7.16
  vertex 2.2 -0.36 7.16
  vertex 2.2 0.36 7.16
 endloop
endfacet
facet normal 0 0 1
 outer loop
  vertex 1.24 -0.36 7.16
  vertex 2.2 0.36 7.16
  vertex 1.24 0.36 7.16
 endloop
endfacet
facet normal 0 -1 0
 outer loop
  vertex 1.24 -0.36 6.2
  vertex 2.2 -0.36 6.2
  vertex 2.2 -0.36 7.16
 endloop
endfacet
facet normal 0 -1 0
 outer loop
  vertex 1.24 -0.36 6.2
  vertex 2.2 -0.36 7.16
  vertex 1.24 -0.36 7.16
 endloop
endfacet
facet normal 0 1 0
 outer loop
  vertex 1.24 0.36 6.2
  vertex 1.24 0.36 7.16
  vertex 2.2 0.36 7.16
 endloop
endfacet
facet normal 0 1 0
 outer loop
  vertex 1.24 0.36 6.2
  vertex 2.2 0.36 7.16
  vertex 2.2 0.36 6.2
 endloop
endfacet
facet normal -1 0 0
 outer loop
  vertex 1.24 -0.36 6.2
  vertex 1.24 -0.36 7.16
  vertex 1.24 0.36 7.16
 endloop
endfacet
facet normal -1 0 0
 outer loop
  vertex 1.24 -0.36 6.2
  vertex 1.24 0.36 7.16
  vertex 1.24 0.36 6.2
 endloop
endfacet
facet normal 1 0 0
 outer loop
  vertex 2.2 -0.36 6.2
  vertex 2.2 0.36 6.2
  vertex 2.2 0.36 7.16
 endloop
endfacet
facet normal 1 0 0
 outer loop
  vertex 2.2 -0.36 6.2
  vertex 2.2 0.36 7.16
  vertex 2.2 -0.36 7.16
 endloop
endfacet
facet normal 0 0 -1
 outer loop
  vertex 1.24 -0.36 4.96
  vertex 1.24 0.36 4.96
  vertex 2.2 0.36 4.96
 endloop
endfacet
facet normal 0 0 -1
 outer loop
  vertex 1.24 -0.36 4.96
  vertex 2.2 0.36 4.96
  vertex 2.2 -0.36 4.96
 endloop
endfacet
facet normal 0 0 1
 outer loop
  vertex 1.24 -0.36 5.92
  vertex 2.2 -0.36 5.92
  vertex 2.2 0.36 5.92
 endloop
endfacet
facet normal 0 0 1
 outer loop
  vertex 1.24 -0.36 5.92
  vertex 2.2 0.36 5.92
  vertex 1.24 0.36 5.92
 endloop
endfacet
facet normal 0 -1 0
 outer loop
  vertex 1.24 -0.36 4.96
  vertex 2.2 -0.36 4.96
  vertex 2.2 -0.36 5.92
 endloop
endfacet
facet normal 0 -1 0
 outer loop
  vertex 1.24 -0.36 4.96
  vertex 2.2 -0.36 5.92
  vertex 1.24 -0.36 5.92
 endloop
endfacet
facet normal 0 1 0
 outer loop
  vertex 1.24 0.36 4.96
  vertex 1.24 0.36 5.92
  vertex 2.2 0.36 5.92
 endloop
endfacet
facet normal 0 1 0
 outer loop
  vertex 1.24 0.36 4.96
  vertex 2.2 0.36 5.92
  vertex 2.2 0.36 4.96
 endloop
endfacet
facet normal -1 0 0
 outer loop
  vertex 1.24 -0.36 4.96
  vertex 1.24 -0.36 5.92
  vertex 1.24 0.36 5.92
 endloop
endfacet
facet normal -1 0 0
 outer loop
  vertex 1.24 -0.36 4.96
  vertex 1.24 0.36 5.92
  vertex 1.24 0.36 4.96
 endloop
endfacet
facet normal 1 0 0
 outer loop
  vertex 2.2 -0.36 4.96
  vertex 2.2 0.36 4.96
  vertex 2.2 0.36 5.92
 endloop
endfacet
facet normal 1 0 0
 outer loop
  vertex 2.2 -0.36 4.96
  vertex 2.2 0.36 5.92
  vertex 2.2 -0.36 5.92
 endloop
endfacet
facet normal 0 0 -1
 outer loop
  vertex 1.24 -0.36 3.72
  vertex 1.24 0.36 3.72
  vertex 2.2 0.36 3.72
 endloop
endfacet
facet normal 0 0 -1
 outer loop
  vertex 1.24 -0.36 3.72
  vertex 2.2 0.36 3.72
  vertex 2.2 -0.36 3.72
 endloop
endfacet
facet normal 0 0 1
 outer loop
  vertex 1.24 -0.36 4.68
  vertex 2.2 -0.36 4.68
  vertex 2.2 0.36 4.68
 endloop
endfacet
facet normal 0 0 1
 outer loop
  vertex 1.24 -0.36 4.68
  vertex 2.2 0.36 4.68
  vertex 1.24 0.36 4.68
 endloop
endfacet
facet normal 0 -1 0
 outer loop
  vertex 1.24 -0.36 3.72
  vertex 2.2 -0.36 3.72
  vertex 2.2 -0.36 4.68
 endloop
endfacet
facet normal 0 -1 0
 outer loop
  vertex 1.24 -0.36 3.72
  vertex 2.2 -0.36 4.68
  vertex 1.24 -0.36 4.68
 endloop
endfacet
facet normal 0 1 0
 outer loop
  vertex 1.24 0.36 3.72
  vertex 1.24 0.36 4.68
  vertex 2.2 0.36 4.68
 endloop
endfacet
facet normal 0 1 0
 outer loop
  vertex 1.24 0.36 3.72
  vertex 2.2 0.36 4.68
  vertex 2.2 0.36 3.72
 endloop
endfacet
facet normal -1 0 0
 outer loop
  vertex 1.24 -0.36 3.72
  vertex 1.24 -0.36 4.68
  vertex 1.24 0.36 4.68
 endloop
endfacet
facet normal -1 0 0
 outer loop
  vertex 1.24 -0.36 3.72
  vertex 1.24 0.36 4.68
  vertex 1.24 0.36 3.72
 endloop
endfacet
facet normal 1 0 0
 outer loop
  vertex 2.2 -0.36 3.72
  vertex 2.2 0.36 3.72
  vertex 2.2 0.36 4.68
 endloop
endfacet
facet normal 1 0 0
 outer loop
  vertex 2.2 -0.36 3.72
  vertex 2.2 0.36 4.68
  vertex 2.2 -0.36 4.68
 endloop
endfacet
facet normal 0 0 -1
 outer loop
  vertex 1.24 -0.36 2.48
  vertex 1.24 0.36 2.48
  vertex 2.2 0.36 2.48
 endloop
endfacet
facet normal 0 0 -1
 outer loop
  vertex 1.24 -0.36 2.48
  vertex 2.2 0.36 2.48
  vertex 2.2 -0.36 2.48
 endloop
endfacet
facet normal 0 0 1
 outer loop
  vertex 1.24 -0.36 3.44
  vertex 2.2 -0.36 3.44
  vertex 2.2 0.36 3.44
 endloop
endfacet
facet normal 0 0 1
 outer loop
  vertex 1.24 -0.36 3.44
  vertex 2.2 0.36 3.44
  vertex 1.24 0.36 3.44
 endloop
endfacet
facet normal 0 -1 0
 outer loop
  vertex 1.24 -0.36 2.48
  vertex 2.2 -0.36 2.48
  vertex 2.2 -0.36 3.44
 endloop
endfacet
facet normal 0 -1 0
 outer loop
  vertex 1.24 -0.36 2.48
  vertex 2.2 -0.36 3.44
  vertex 1.24 -0.36 3.44
 endloop
endfacet
facet normal 0 1 0
 outer loop
  vertex 1.24 0.36 2.48
  vertex 1.24 0.36 3.44
  vertex 2.2 0.36 3.44
 endloop
endfacet
facet normal 0 1 0
 outer loop
  vertex 1.24 0.36 2.48
  vertex 2.2 0.36 3.44
  vertex 2.2 0.36 2.48
 endloop
endfacet
facet normal -1 0 0
 outer loop
  vertex 1.24 -0.36 2.48
  vertex 1.24 -0.36 3.44
  vertex 1.24 0.36 3.44
 endloop
endfacet
facet normal -1 0 0
 outer loop
  vertex 1.24 -0.36 2.48
  vertex 1.24 0.36 3.44
  vertex 1.24 0.36 2.48
 endloop
endfacet
facet normal 1 0 0
 outer loop
  vertex 2.2 -0.36 2.48
  vertex 2.2 0.36 2.48
  vertex 2.2 0.36 3.44
 endloop
endfacet
facet normal 1 0 0
 outer loop
  vertex 2.2 -0.36 2.48
  vertex 2.2 0.36 3.44
  vertex 2.2 -0.36 3.44
 endloop
endfacet
facet normal 0 0 -1
 outer loop
  vertex 2.48 -0.36 6.2
  vertex 2.48 0.36 6.2
  vertex 3.44 0.36 6.2
 endloop
endfacet
facet normal 0 0 -1
 outer loop
  vertex 2.48 -0.36 6.2
  vertex 3.44 0.36 6.2
  vertex 3.44 -0.36 6.2
 endloop
endfacet
facet normal 0 0 1
 outer loop
  vertex 2.48 -0.36 7.16
  vertex 3.44 -0.36 7.16
  vertex 3.44 0.36 7.16
 endloop
endfacet
facet normal 0 0 1
 outer loop
  vertex 2.48 -0.36 7.16
  vertex 3.44 0.36 7.16
  vertex 2.48 0.36 7.16
 endloop
endfacet
facet normal 0 -1 0
 outer loop
  vertex 2.48 -0.36 6.2
  vertex 3.44 -0.36 6.2
  vertex 3.44 -0.36 7.16
 endloop
endfacet
facet normal 0 -1 0
 outer loop
  vertex 2.48 -0.36 6.2
  vertex 3.44 -0.36 7.16
  vertex 2.48 -0.36 7.16
 endloop
endfacet
facet normal 0 1 0
 outer loop
  vertex 2.48 0.36 6.2
  vertex 2.48 0.36 7.16
  vertex 3.44 0.36 7.16
 endloop
endfacet
facet normal 0 1 0
 outer loop
  vertex 2.48 0.36 6.2
  vertex 3.44 0.36 7.16
  vertex 3.44 0.36 6.2
 endloop
endfacet
facet normal -1 0 0
 outer loop
  vertex 2.48 -0.36 6.2
  vertex 2.48 -0.36 7.16
  vertex 2.48 0.36 7.16
 endloop
endfacet
facet normal -1 0 0
 outer loop
  vertex 2.48 -0.36 6.2
  vertex 2.48 0.36 7.16
  vertex 2.48 0.36 6.2
 endloop
endfacet
facet normal 1 0 0
 outer loop
  vertex 3.44 -0.36 6.2
  vertex 3.44 0.36 6.2
  vertex 3.44 0.36 7.16
 endloop
endfacet
facet normal 1 0 0
 outer loop
  vertex 3.44 -0.36 6.2
  vertex 3.44 0.36 7.16
  vertex 3.44 -0.36 7.16
 endloop
endfacet
facet normal 0 0 -1
 outer loop
  vertex 2.48 -0.36 4.96
  vertex 2.48 0.36 4.96
  vertex 3.44 0.36 4.96
 endloop
endfacet
facet normal 0 0 -1
 outer loop
  vertex 2.48 -0.36 4.96
  vertex 3.44 0.36 4.96
  vertex 3.44 -0.36 4.96
 endloop
endfacet
facet normal 0 0 1
 outer loop
  vertex 2.48 -0.36 5.92
  vertex 3.44 -0.36 5.92
  vertex 3.44 0.36 5.92
 endloop
endfacet
facet normal 0 0 1
 outer loop
  vertex 2.48 -0.36 5.92
  vertex 3.44 0.36 5.92
  vertex 2.48 0.36 5.92
 endloop
endfacet
facet normal 0 -1 0
 outer loop
  vertex 2.48 -0.36 4.96
  vertex 3.44 -0.36 4.96
  vertex 3.44 -0.36 5.92
 endloop
endfacet
facet normal 0 -1 0
 outer loop
  vertex 2.48 -0.36 4.96
  vertex 3.44 -0.36 5.92
  vertex 2.48 -0.36 5.92
 endloop
endfacet
facet normal 0 1 0
 outer loop
  vertex 2.48 0.36 4.96
  vertex 2.48 0.36 5.92
  vertex 3.44 0.36 5.92
 endloop
endfacet
facet normal 0 1 0
 outer loop
  vertex 2.48 0.36 4.96
  vertex 3.44 0.36 5.92
  vertex 3.44 0.36 4.96
 endloop
endfacet
facet normal -1 0 0
 outer loop
  vertex 2.48 -0.36 4.96
  vertex 2.48 -0.36 5.92
  vertex 2.48 0.36 5.92
 endloop
endfacet
facet normal -1 0 0
 outer loop
  vertex 2.48 -0.36 4.96
  vertex 2.48 0.36 5.92
  vertex 2.48 0.36 4.96
 endloop
endfacet
facet normal 1 0 0
 outer loop
  vertex 3.44 -0.36 4.96
  vertex 3.44 0.36 4.96
  vertex 3.44 0.36 5.92
 endloop
endfacet
facet normal 1 0 0
 outer loop
  vertex 3.44 -0.36 4.96
  vertex 3.44 0.36 5.92
  vertex 3.44 -0.36 5.92
 endloop
endfacet
facet normal 0 0 -1
 outer loop
  vertex 2.48 -0.36 3.72
  vertex 2.48 0.36 3.72
  vertex 3.44 0.36 3.72
 endloop
endfacet
facet normal 0 0 -1
 outer loop
  vertex 2.48 -0.36 3.72
  vertex 3.44 0.36 3.72
  vertex 3.44 -0.36 3.72
 endloop
endfacet
facet normal 0 0 1
 outer loop
  vertex 2.48 -0.36 4.68
  vertex 3.44 -0.36 4.68
  vertex 3.44 0.36 4.68
 endloop
endfacet
facet normal 0 0 1
 outer loop
  vertex 2.48 -0.36 4.68
  vertex 3.44 0.36 4.68
  vertex 2.48 0.36 4.68
 endloop
endfacet
facet normal 0 -1 0
 outer loop
  vertex 2.48 -0.36 3.72
  vertex 3.44 -0.36 3.72
  vertex 3.44 -0.36 4.68
 endloop
endfacet
facet normal 0 -1 0
 outer loop
  vertex 2.48 -0.36 3.72
  vertex 3.44 -0.36 4.68
  vertex 2.48 -0.36 4.68
 endloop
endfacet
facet normal 0 1 0
 outer loop
  vertex 2.48 0.36 3.72
  vertex 2.48 0.36 4.68
  vertex 3.44 0.36 4.68
 endloop
endfacet
facet normal 0 1 0
 outer loop
  vertex 2.48 0.36 3.72
  vertex 3.44 0.36 4.68
  vertex 3.44 0.36 3.72
 endloop
endfacet
facet normal -1 0 0
 outer loop
  vertex 2.48 -0.36 3.72
  vertex 2.48 -0.36 4.68
  vertex 2.48 0.36 4.68
 endloop
endfacet
facet normal -1 0 0
 outer loop
  vertex 2.48 -0.36 3.72
  vertex 2.48 0.36 4.68
  vertex 2.48 0.36 3.72
 endloop
endfacet
facet normal 1 0 0
 outer loop
  vertex 3.44 -0.36 3.72
  vertex 3.44 0.36 3.72
  vertex 3.44 0.36 4.68
 endloop
endfacet
facet normal 1 0 0
 outer loop
  vertex 3.44 -0.36 3.72
  vertex 3.44 0.36 4.68
  vertex 3.44 -0.36 4.68
 endloop
endfacet
facet normal 0 0 -1
 outer loop
  vertex 2.48 -0.36 2.48
  vertex 2.48 0.36 2.48
  vertex 3.44 0.36 2.48
 endloop
endfacet
facet normal 0 0 -1
 outer loop
  vertex 2.48 -0.36 2.48
  vertex 3.44 0.36 2.48
  vertex 3.44 -0.36 2.48
 endloop
endfacet
facet normal 0 0 1
 outer loop
  vertex 2.48 -0.36 3.44
  vertex 3.44 -0.36 3.44
  vertex 3.44 0.36 3.44
 endloop
endfacet
facet normal 0 0 1
 outer loop
  vertex 2.48 -0.36 3.44
  vertex 3.44 0.36 3.44
  vertex 2.48 0.36 3.44
 endloop
endfacet
facet normal 0 -1 0
 outer loop
  vertex 2.48 -0.36 2.48
  vertex 3.44 -0.36 2.48
  vertex 3.44 -0.36 3.44
 endloop
endfacet
facet normal 0 -1 0
 outer loop
  vertex 2.48 -0.36 2.48
  vertex 3.44 -0.36 3.44
  vertex 2.48 -0.36 3.44
 endloop
endfacet
facet normal 0 1 0
 outer loop
  vertex 2.48 0.36 2.48
  vertex 2.48 0.36 3.44
  vertex 3.44 0.36 3.44
 endloop
endfacet
facet normal 0 1 0
 outer loop
  vertex 2.48 0.36 2.48
  vertex 3.44 0.36 3.44
  vertex 3.44 0.36 2.48
 endloop
endfacet
facet normal -1 0 0
 outer loop
  vertex 2.48 -0.36 2.48
  vertex 2.48 -0.36 3.44
  vertex 2.48 0.36 3.44
 endloop
endfacet
facet normal -1 0 0
 outer loop
  vertex 2.48 -0.36 2.48
  vertex 2.48 0.36 3.44
  vertex 2.48 0.36 2.48
 endloop
endfacet
facet normal 1 0 0
 outer loop
  vertex 3.44 -0.36 2.48
  vertex 3.44 0.36 2.48
  vertex 3.44 0.36 3.44
 endloop
endfacet
facet normal 1 0 0
 outer loop
  vertex 3.44 -0.36 2.48
  vertex 3.44 0.36 3.44
  vertex 3.44 -0.36 3.44
 endloop
endfacet
facet normal 0 0 -1
 outer loop
  vertex 2.48 -0.36 1.24
  vertex 2.48 0.36 1.24
  vertex 3.44 0.36 1.24
 endloop
endfacet
facet normal 0 0 -1
 outer loop
  vertex 2.48 -0.36 1.24
  vertex 3.44 0.36 1.24
  vertex 3.44 -0.36 1.24
 endloop
endfacet
facet normal 0 0 1
 outer loop
  vertex 2.48 -0.36 2.2
  vertex 3.44 -0.36 2.2
  vertex 3.44 0.36 2.2
 endloop
endfacet
facet normal 0 0 1
 outer loop
  vertex 2.48 -0.36 2.2
  vertex 3.44 0.36 2.2
  vertex 2.48 0.36 2.2
 endloop
endfacet
facet normal 0 -1 0
 outer loop
  vertex 2.48 -0.36 1.24
  vertex 3.44 -0.36 1.24
  vertex 3.44 -0.36 2.2
 endloop
endfacet
facet normal 0 -1 0
 outer loop
  vertex 2.48 -0.36 1.24
  vertex 3.44 -0.36 2.2
  vertex 2.48 -0.36 2.2
 endloop
endfacet
facet normal 0 1 0
 outer loop
  vertex 2.48 0.36 1.24
  vertex 2.48 0.36 2.2
  vertex 3.44 0.36 2.2
 endloop
endfacet
facet normal 0 1 0
 outer loop
  vertex 2.48 0.36 1.24
  vertex 3.44 0.36 2.2
  vertex 3.44 0.36 1.24
 endloop
endfacet
facet normal -1 0 0
 outer loop
  vertex 2.48 -0.36 1.24
  vertex 2.48 -0.36 2.2
  vertex 2.48 0.36 2.2
 endloop
endfacet
facet normal -1 0 0
 outer loop
  vertex 2.48 -0.36 1.24
  vertex 2.48 0.36 2.2
  vertex 2.48 0.36 1.24
 endloop
endfacet
facet normal 1 0 0
 outer loop
  vertex 3.44 -0.36 1.24
  vertex 3.44 0.36 1.24
  vertex 3.44 0.36 2.2
 endloop
endfacet
facet normal 1 0 0
 outer loop
  vertex 3.44 -0.36 1.24
  vertex 3.44 0.36 2.2
  vertex 3.44 -0.36 2.2
 endloop
endfacet
facet normal 0 0 -1
 outer loop
  vertex 3.72 -0.36 4.96
  vertex 3.72 0.36 4.96
  vertex 4.68 0.36 4.96
 endloop
endfacet
facet normal 0 0 -1
 outer loop
  vertex 3.72 -0.36 4.96
  vertex 4.68 0.36 4.96
  vertex 4.68 -0.36 4.96
 endloop
endfacet
facet normal 0 0 1
 outer loop
  vertex 3.72 -0.36 5.92
  vertex 4.68 -0.36 5.92
  vertex 4.68 0.36 5.92
 endloop
endfacet
facet normal 0 0 1
 outer loop
  vertex 3.72 -0.36 5.92
  vertex 4.68 0.36 5.92
  vertex 3.72 0.36 5.92
 endloop
endfacet
facet normal 0 -1 0
 outer loop
  vertex 3.72 -0.36 4.96
  vertex 4.68 -0.36 4.96
  vertex 4.68 -0.36 5.92
 endloop
endfacet
facet normal 0 -1 0
 outer loop
  vertex 3.72 -0.36 4.96
  vertex 4.68 -0.36 5.92
  vertex 3.72 -0.36 5.92
 endloop
endfacet
facet normal 0 1 0
 outer loop
  vertex 3.72 0.36 4.96
  vertex 3.72 0.36 5.92
  vertex 4.68 0.36 5.92
 endloop
endfacet
facet normal 0 1 0
 outer loop
  vertex 3.72 0.36 4.96
  vertex 4.68 0.36 5.92
  vertex 4.68 0.36 4.96
 endloop
endfacet
facet normal -1 0 0
 outer loop
  vertex 3.72 -0.36 4.96
  vertex 3.72 -0.36 5.92
  vertex 3.72 0.36 5.92
 endloop
endfacet
facet normal -1 0 0
 outer loop
  vertex 3.72 -0.36 4.96
  vertex 3.72 0.36 5.92
  vertex 3.72 0.36 4.96
 endloop
endfacet
facet normal 1 0 0
 outer loop
  vertex 4.68 -0.36 4.96
  vertex 4.68 0.36 4.96
  vertex 4.68 0.36 5.92
 endloop
endfacet
facet normal 1 0 0
 outer loop
  vertex 4.68 -0.36 4.96
  vertex 4.68 0.36 5.92
  vertex 4.68 -0.36 5.92
 endloop
endfacet
facet normal 0 0 -1
 outer loop
  vertex 3.72 -0.36 3.72
  vertex 3.72 0.36 3.72
  vertex 4.68 0.36 3.72
 endloop
endfacet
facet normal 0 0 -1
 outer loop
  vertex 3.72 -0.36 3.72
  vertex 4.68 0.36 3.72
  vertex 4.68 -0.36 3.72
 endloop
endfacet
facet normal 0 0 1
 outer loop
  vertex 3.72 -0.36 4.68
  vertex 4.68 -0.36 4.68
  vertex 4.68 0.36 4.68
 endloop
endfacet
facet normal 0 0 1
 outer loop
  vertex 3.72 -0.36 4.68
  vertex 4.68 0.36 4.68
  vertex 3.72 0.36 4.68
 endloop
endfacet
facet normal 0 -1 0
 outer loop
  vertex 3.72 -0.36 3.72
  vertex 4.68 -0.36 3.72
  vertex 4.68 -0.36 4.68
 endloop
endfacet
facet normal 0 -1 0
 outer loop
  vertex 3.72 -0.36 3.72
  vertex 4.68 -0.36 4.68
  vertex 3.72 -0.36 4.68
 endloop
endfacet
facet normal 0 1 0
 outer loop
  vertex 3.72 0.36 3.72
  vertex 3.72 0.36 4.68
  vertex 4.68 0.36 4.68
 endloop
endfacet
facet normal 0 1 0
 outer loop
  vertex 3.72 0.36 3.72
  vertex 4.68 0.36 4.68
  vertex 4.68 0.36 3.72
 endloop
endfacet
facet normal -1 0 0
 outer loop
  vertex 3.72 -0.36 3.72
  vertex 3.72 -0.36 4.68
  vertex 3.72 0.36 4.68
 endloop
endfacet
facet normal -1 0 0
 outer loop
  vertex 3.72 -0.36 3.72
  vertex 3.72 0.36 4.68
  vertex 3.72 0.36 3.72
 endloop
endfacet
facet normal 1 0 0
 outer loop
  vertex 4.68 -0.36 3.72
  vertex 4.68 0.36 3.72
  vertex 4.68 0.36 4.68
 endloop
endfacet
facet normal 1 0 0
 outer loop
  vertex 4.68 -0.36 3.72
  vertex 4.68 0.36 4.68
  vertex 4.68 -0.36 4.68
 endloop
endfacet
facet normal 0 0 -1
 outer loop
  vertex 3.72 -0.36 2.48
  vertex 3.72 0.36 2.48
  vertex 4.68 0.36 2.48
 endloop
endfacet
facet normal 0 0 -1
 outer loop
  vertex 3.72 -0.36 2.48
  vertex 4.68 0.36 2.48
  vertex 4.68 -0.36 2.48
 endloop
endfacet
facet normal 0 0 1
 outer loop
  vertex 3.72 -0.36 3.44
  vertex 4.68 -0.36 3.44
  vertex 4.68 0.36 3.44
 endloop
endfacet
facet normal 0 0 1
 outer loop
  vertex 3.72 -0.36 3.44
  vertex 4.68 0.36 3.44
  vertex 3.72 0.36 3.44
 endloop
endfacet
facet normal 0 -1 0
 outer loop
  vertex 3.72 -0.36 2.48
  vertex 4.68 -0.36 2.48
  vertex 4.68 -0.36 3.44
 endloop
endfacet
facet normal 0 -1 0
 outer loop
  vertex 3.72 -0.36 2.48
  vertex 4.68 -0.36 3.44
  vertex 3.72 -0.36 3.44
 endloop
endfacet
facet normal 0 1 0
 outer loop
  vertex 3.72 0.36 2.48
  vertex 3.72 0.36 3.44
  vertex 4.68 0.36 3.44
 endloop
endfacet
facet normal 0 1 0
 outer loop
  vertex 3.72 0.36 2.48
  vertex 4.68 0.36 3.44
  vertex 4.68 0.36 2.48
 endloop
endfacet
facet normal -1 0 0
 outer loop
  vertex 3.72 -0.36 2.48
  vertex 3.72 -0.36 3.44
  vertex 3.72 0.36 3.44
 endloop
endfacet
facet normal -1 0 0
 outer loop
  vertex 3.72 -0.36 2.48
  vertex 3.72 0.36 3.44
  vertex 3.72 0.36 2.48
 endloop
endfacet
facet normal 1 0 0
 outer loop
  vertex 4.68 -0.36 2.48
  vertex 4.68 0.36 2.48
  vertex 4.68 0.36 3.44
 endloop
endfacet
facet normal 1 0 0
 outer loop
  vertex 4.68 -0.36 2.48
  vertex 4.68 0.36 3.44
  vertex 4.68 -0.36 3.44
 endloop
endfacet
facet normal 0 0 -1
 outer loop
  vertex 3.72 -0.36 1.24
  vertex 3.72 0.36 1.24
  vertex 4.68 0.36 1.24
 endloop
endfacet
facet normal 0 0 -1
 outer loop
  vertex 3.72 -0.36 1.24
  vertex 4.68 0.36 1.24
  vertex 4.68 -0.36 1.24
 endloop
endfacet
facet normal 0 0 1
 outer loop
  vertex 3.72 -0.36 2.2
  vertex 4.68 -0.36 2.2
  vertex 4.68 0.36 2.2
 endloop
endfacet
facet normal 0 0 1
 outer loop
  vertex 3.72 -0.36 2.2
  vertex 4.68 0.36 2.2
  vertex 3.72 0.36 2.2
 endloop
endfacet
facet normal 0 -1 0
 outer loop
  vertex 3.72 -0.36 1.24
  vertex 4.68 -0.36 1.24
  vertex 4.68 -0.36 2.2
 endloop
endfacet
facet normal 0 -1 0
 outer loop
  vertex 3.72 -0.36 1.24
  vertex 4.68 -0.36 2.2
  vertex 3.72 -0.36 2.2
 endloop
endfacet
facet normal 0 1 0
 outer loop
  vertex 3.72 0.36 1.24
  vertex 3.72 0.36 2.2
  vertex 4.68 0.36 2.2
 endloop
endfacet
facet normal 0 1 0
 outer loop
  vertex 3.72 0.36 1.24
  vertex 4.68 0.36 2.2
  vertex 4.68 0.36 1.24
 endloop
endfacet
facet normal -1 0 0
 outer loop
  vertex 3.72 -0.36 1.24
  vertex 3.72 -0.36 2.2
  vertex 3.72 0.36 2.2
 endloop
endfacet
facet normal -1 0 0
 outer loop
  vertex 3.72 -0.36 1.24
  vertex 3.72 0.36 2.2
  vertex 3.72 0.36 1.24
 endloop
endfacet
facet normal 1 0 0
 outer loop
  vertex 4.68 -0.36 1.24
  vertex 4.68 0.36 1.24
  vertex 4.68 0.36 2.2
 endloop
endfacet
facet normal 1 0 0
 outer loop
  vertex 4.68 -0.36 1.24
  vertex 4.68 0.36 2.2
  vertex 4.68 -0.36 2.2
 endloop
endfacet
facet normal 0 0 -1
 outer loop
  vertex 3.72 -0.36 0
  vertex 3.72 0.36 0
  vertex 4.68 0.36 0
 endloop
endfacet
facet normal 0 0 -1
 outer loop
  vertex 3.72 -0.36 0
  vertex 4.68 0.36 0
  vertex 4.68 -0.36 0
 endloop
endfacet
facet normal 0 0 1
 outer loop
  vertex 3.72 -0.36 0.96
  vertex 4.68 -0.36 0.96
  vertex 4.68 0.36 0.96
 endloop
endfacet
facet normal 0 0 1
 outer loop
  vertex 3.72 -0.36 0.96
  vertex 4.68 0.36 0.96
  vertex 3.72 0.36 0.96
 endloop
endfacet
facet normal 0 -1 0
 outer loop
  vertex 3.72 -0.36 0
  vertex 4.68 -0.36 0
  vertex 4.68 -0.36 0.96
 endloop
endfacet
facet normal 0 -1 0
 outer loop
  vertex 3.72 -0.36 0
  vertex 4.68 -0.36 0.96
  vertex 3.72 -0.36 0.96
 endloop
endfacet
facet normal 0 1 0
 outer loop
  vertex 3.72 0.36 0
  vertex 3.72 0.36 0.96
  vertex 4.68 0.36 0.96
 endloop
endfacet
facet normal 0 1 0
 outer loop
  vertex 3.72 0.36 0
  vertex 4.68 0.36 0.96
  vertex 4.68 0.36 0
 endloop
endfacet
facet normal -1 0 0
 outer loop
  vertex 3.72 -0.36 0
  vertex 3.72 -0.36 0.96
  vertex 3.72 0.36 0.96
 endloop
endfacet
facet normal -1 0 0
 outer loop
  vertex 3.72 -0.36 0
  vertex 3.72 0.36 0.96
  vertex 3.72 0.36 0
 endloop
endfacet
facet normal 1 0 0
 outer loop
  vertex 4.68 -0.36 0
  vertex 4.68 0.36 0
  vertex 4.68 0.36 0.96
 endloop
endfacet
facet normal 1 0 0
 outer loop
  vertex 4.68 -0.36 0
  vertex 4.68 0.36 0.96
  vertex 4.68 -0.36 0.96
 endloop
endfacet
facet normal 0 0 -1
 outer loop
  vertex 4.96 -0.36 6.2
  vertex 4.96 0.36 6.2
  vertex 5.92 0.36 6.2
 endloop
endfacet
facet normal 0 0 -1
 outer loop
  vertex 4.96 -0.36 6.2
  vertex 5.92 0.36 6.2
  vertex 5.92 -0.36 6.2
 endloop
endfacet
facet normal 0 0 1
 outer loop
  vertex 4.96 -0.36 7.16
  vertex 5.92 -0.36 7.16
  vertex 5.92 0.36 7.16
 endloop
endfacet
facet normal 0 0 1
 outer loop
  vertex 4.96 -0.36 7.16
  vertex 5.92 0.36 7.16
  vertex 4.96 0.36 7.16
 endloop
endfacet
facet normal 0 -1 0
 outer loop
  vertex 4.96 -0.36 6.2
  vertex 5.92 -0.36 6.2
  vertex 5.92 -0.36 7.16
 endloop
endfacet
facet normal 0 -1 0
 outer loop
  vertex 4.96 -0.36 6.2
  vertex 5.92 -0.36 7.16
  vertex 4.96 -0.36 7.16
 endloop
endfacet
facet normal 0 1 0
 outer loop
  vertex 4.96 0.36 6.2
  vertex 4.96 0.36 7.16
  vertex 5.92 0.36 7.16
 endloop
endfacet
facet normal 0 1 0
 outer loop
  vertex 4.96 0.36 6.2
  vertex 5.92 0.36 7.16
  vertex 5.92 0.36 6.2
 endloop
endfacet
facet normal -1 0 0
 outer loop
  vertex 4.96 -0.36 6.2
  vertex 4.96 -0.36 7.16
  vertex 4.96 0.36 7.16
 endloop
endfacet
facet normal -1 0 0
 outer loop
  vertex 4.96 -0.36 6.2
  vertex 4.96 0.36 7.16
  vertex 4.96 0.36 6.2
 endloop
endfacet
facet normal 1 0 0
 outer loop
  vertex 5.92 -0.36 6.2
  vertex 5.92 0.36 6.2
  vertex 5.92 0.36 7.16
 endloop
endfacet
facet normal 1 0 0
 outer loop
  vertex 5.92 -0.36 6.2
  vertex 5.92 0.36 7.16
  vertex 5.92 -0.36 7.16
 endloop
endfacet
facet normal 0 0 -1
 outer loop
  vertex 4.96 -0.36 4.96
  vertex 4.96 0.36 4.96
  vertex 5.92 0.36 4.96
 endloop
endfacet
facet normal 0 0 -1
 outer loop
  vertex 4.96 -0.36 4.96
  vertex 5.92 0.36 4.96
  vertex 5.92 -0.36 4.96
 endloop
endfacet
facet normal 0 0 1
 outer loop
  vertex 4.96 -0.36 5.92
  vertex 5.92 -0.36 5.92
  vertex 5.92 0.36 5.92
 endloop
endfacet
facet normal 0 0 1
 outer loop
  vertex 4.96 -0.36 5.92
  vertex 5.92 0.36 5.92
  vertex 4.96 0.36 5.92
 endloop
endfacet
facet normal 0 -1 0
 outer loop
  vertex 4.96 -0.36 4.96
  vertex 5.92 -0.36 4.96
  vertex 5.92 -0.36 5.92
 endloop
endfacet
facet normal 0 -1 0
 outer loop
  vertex 4.96 -0.36 4.96
  vertex 5.92 -0.36 5.92
  vertex 4.96 -0.36 5.92
 endloop
endfacet
facet normal 0 1 0
 outer loop
  vertex 4.96 0.36 4.96
  vertex 4.96 0.36 5.92
  vertex 5.92 0.36 5.92
 endloop
endfacet
facet normal 0 1 0
 outer loop
  vertex 4.96 0.36 4.96
  vertex 5.92 0.36 5.92
  vertex 5.92 0.36 4.96
 endloop
endfacet
facet normal -1 0 0
 outer loop
  vertex 4.96 -0.36 4.96
  vertex 4.96 -0.36 5.92
  vertex 4.96 0.36 5.92
 endloop
endfacet
facet normal -1 0 0
 outer loop
  vertex 4.96 -0.36 4.96
  vertex 4.96 0.36 5.92
  vertex 4.96 0.36 4.96
 endloop
endfacet
facet normal 1 0 0
 outer loop
  vertex 5.92 -0.36 4.96
  vertex 5.92 0.36 4.96
  vertex 5.92 0.36 5.92
 endloop
endfacet
facet normal 1 0 0
 outer loop
  vertex 5.92 -0.36 4.96
  vertex 5.92 0.36 5.92
  vertex 5.92 -0.36 5.92
 endloop
endfacet
facet normal 0 0 -1
 outer loop
  vertex 4.96 -0.36 3.72
  vertex 4.96 0.36 3.72
  vertex 5.92 0.36 3.72
 endloop
endfacet
facet normal 0 0 -1
 outer loop
  vertex 4.96 -0.36 3.72
  vertex 5.92 0.36 3.72
  vertex 5.92 -0.36 3.72
 endloop
endfacet
facet normal 0 0 1
 outer loop
  vertex 4.96 -0.36 4.68
  vertex 5.92 -0.36 4.68
  vertex 5.92 0.36 4.68
 endloop
endfacet
facet normal 0 0 1
 outer loop
  vertex 4.96 -0.36 4.68
  vertex 5.92 0.36 4.68
  vertex 4.96 0.36 4.68
 endloop
endfacet
facet normal 0 -1 0
 outer loop
  vertex 4.96 -0.36 3.72
  vertex 5.92 -0.36 3.72
  vertex 5.92 -0.36 4.68
 endloop
endfacet
facet normal 0 -1 0
 outer loop
  vertex 4.96 -0.36 3.72
  vertex 5.92 -0.36 4.68
  vertex 4.96 -0.36 4.68
 endloop
endfacet
facet normal 0 1 0
 outer loop
  vertex 4.96 0.36 3.72
  vertex 4.96 0.36 4.68
  vertex 5.92 0.36 4.68
 endloop
endfacet
facet normal 0 1 0
 outer loop
  vertex 4.96 0.36 3.72
  vertex 5.92 0.36 4.68
  vertex 5.92 0.36 3.72
 endloop
endfacet
facet normal -1 0 0
 outer loop
  vertex 4.96 -0.36 3.72
  vertex 4.96 -0.36 4.68
  vertex 4.96 0.36 4.68
 endloop
endfacet
facet normal -1 0 0
 outer loop
  vertex 4.96 -0.36 3.72
  vertex 4.96 0.36 4.68
  vertex 4.96 0.36 3.72
 endloop
endfacet
facet normal 1 0 0
 outer loop
  vertex 5.92 -0.36 3.72
  vertex 5.92 0.36 3.72
  vertex 5.92 0.36 4.68
 endloop
endfacet
facet normal 1 0 0
 outer loop
  vertex 5.92 -0.36 3.72
  vertex 5.92 0.36 4.68
  vertex 5.92 -0.36 4.68
 endloop
endfacet
facet normal 0 0 -1
 outer loop
  vertex 4.96 -0.36 2.48
  vertex 4.96 0.36 2.48
  vertex 5.92 0.36 2.48
 endloop
endfacet
facet normal 0 0 -1
 outer loop
  vertex 4.96 -0.36 2.48
  vertex 5.92 0.36 2.48
  vertex 5.92 -0.36 2.48
 endloop
endfacet
facet normal 0 0 1
 outer loop
  vertex 4.96 -0.36 3.44
  vertex 5.92 -0.36 3.44
  vertex 5.92 0.36 3.44
 endloop
endfacet
facet normal 0 0 1
 outer loop
  vertex 4.96 -0.36 3.44
  vertex 5.92 0.36 3.44
  vertex 4.96 0.36 3.44
 endloop
endfacet
facet normal 0 -1 0
 outer loop
  vertex 4.96 -0.36 2.48
  vertex 5.92 -0.36 2.48
  vertex 5.92 -0.36 3.44
 endloop
endfacet
facet normal 0 -1 0
 outer loop
  vertex 4.96 -0.36 2.48
  vertex 5.92 -0.36 3.44
  vertex 4.96 -0.36 3.44
 endloop
endfacet
facet normal 0 1 0
 outer loop
  vertex 4.96 0.36 2.48
  vertex 4.96 0.36 3.44
  vertex 5.92 0.36 3.44
 endloop
endfacet
facet normal 0 1 0
 outer loop
  vertex 4.96 0.36 2.48
  vertex 5.92 0.36 3.44
  vertex 5.92 0.36 2.48
 endloop
endfacet
facet normal -1 0 0
 outer loop
  vertex 4.96 -0.36 2.48
  vertex 4.96 -0.36 3.44
  vertex 4.96 0.36 3.44
 endloop
endfacet
facet normal -1 0 0
 outer loop
  vertex 4.96 -0.36 2.48
  vertex 4.96 0.36 3.44
  vertex 4.96 0.36 2.48
 endloop
endfacet
facet normal 1 0 0
 outer loop
  vertex 5.92 -0.36 2.48
  vertex 5.92 0.36 2.48
  vertex 5.92 0.36 3.44
 endloop
endfacet
facet normal 1 0 0
 outer loop
  vertex 5.92 -0.36 2.48
  vertex 5.92 0.36 3.44
  vertex 5.92 -0.36 3.44
 endloop
endfacet
facet normal 0 0 -1
 outer loop
  vertex 4.96 -0.36 1.24
  vertex 4.96 0.36 1.24
  vertex 5.92 0.36 1.24
 endloop
endfacet
facet normal 0 0 -1
 outer loop
  vertex 4.96 -0.36 1.24
  vertex 5.92 0.36 1.24
  vertex 5.92 -0.36 1.24
 endloop
endfacet
facet normal 0 0 1
 outer loop
  vertex 4.96 -0.36 2.2
  vertex 5.92 -0.36 2.2
  vertex 5.92 0.36 2.2
 endloop
endfacet
facet normal 0 0 1
 outer loop
  vertex 4.96 -0.36 2.2
  vertex 5.92 0.36 2.2
  vertex 4.96 0.36 2.2
 endloop
endfacet
facet normal 0 -1 0
 outer loop
  vertex 4.96 -0.36 1.24
  vertex 5.92 -0.36 1.24
  vertex 5.92 -0.36 2.2
 endloop
endfacet
facet normal 0 -1 0
 outer loop
  vertex 4.96 -0.36 1.24
  vertex 5.92 -0.36 2.2
  vertex 4.96 -0.36 2.2
 endloop
endfacet
facet normal 0 1 0
 outer loop
  vertex 4.96 0.36 1.24
  vertex 4.96 0.36 2.2
  vertex 5.92 0.36 2.2
 endloop
endfacet
facet normal 0 1 0
 outer loop
  vertex 4.96 0.36 1.24
  vertex 5.92 0.36 2.2
  vertex 5.92 0.36 1.24
 endloop
endfacet
facet normal -1 0 0
 outer loop
  vertex 4.96 -0.36 1.24
  vertex 4.96 -0.36 2.2
  vertex 4.96 0.36 2.2
 endloop
endfacet
facet normal -1 0 0
 outer loop
  vertex 4.96 -0.36 1.24
  vertex 4.96 0.36 2.2
  vertex 4.96 0.36 1.24
 endloop
endfacet
facet normal 1 0 0
 outer loop
  vertex 5.92 -0.36 1.24
  vertex 5.92 0.36 1.24
  vertex 5.92 0.36 2.2
 endloop
endfacet
facet normal 1 0 0
 outer loop
  vertex 5.92 -0.36 1.24
  vertex 5.92 0.36 2.2
  vertex 5.92 -0.36 2.2
 endloop
endfacet
facet normal 0 0 -1
 outer loop
  vertex 6.2 -0.36 6.2
  vertex 6.2 0.36 6.2
  vertex 7.16 0.36 6.2
 endloop
endfacet
facet normal 0 0 -1
 outer loop
  vertex 6.2 -0.36 6.2
  vertex 7.16 0.36 6.2
  vertex 7.16 -0.36 6.2
 endloop
endfacet
facet normal 0 0 1
 outer loop
  vertex 6.2 -0.36 7.16
  vertex 7.16 -0.36 7.16
  vertex 7.16 0.36 7.16
 endloop
endfacet
facet normal 0 0 1
 outer loop
  vertex 6.2 -0.36 7.16
  vertex 7.16 0.36 7.16
  vertex 6.2 0.36 7.16
 endloop
endfacet
facet normal 0 -1 0
 outer loop
  vertex 6.2 -0.36 6.2
  vertex 7.16 -0.36 6.2
  vertex 7.16 -0.36 7.16
 endloop
endfacet
facet normal 0 -1 0
 outer loop
  vertex 6.2 -0.36 6.2
  vertex 7.16 -0.36 7.16
  vertex 6.2 -0.36 7.16
 endloop
endfacet
facet normal 0 1 0
 outer loop
  vertex 6.2 0.36 6.2
  vertex 6.2 0.36 7.16
  vertex 7.16 0.36 7.16
 endloop
endfacet
facet normal 0 1 0
 outer loop
  vertex 6.2 0.36 6.2
  vertex 7.16 0.36 7.16
  vertex 7.16 0.36 6.2
 endloop
endfacet
facet normal -1 0 0
 outer loop
  vertex 6.2 -0.36 6.2
  vertex 6.2 -0.36 7.16
  vertex 6.2 0.36 7.16
 endloop
endfacet
facet normal -1 0 0
 outer loop
  vertex 6.2 -0.36 6.2
  vertex 6.2 0.36 7.16
  vertex 6.2 0.36 6.2
 endloop
endfacet
facet normal 1 0 0
 outer loop
  vertex 7.16 -0.36 6.2
  vertex 7.16 0.36 6.2
  vertex 7.16 0.36 7.16
 endloop
endfacet
facet normal 1 0 0
 outer loop
  vertex 7.16 -0.36 6.2
  vertex 7.16 0.36 7.16
  vertex 7.16 -0.36 7.16
 endloop
endfacet
facet normal 0 0 -1
 outer loop
  vertex 6.2 -0.36 4.96
  vertex 6.2 0.36 4.96
  vertex 7.16 0.36 4.96
 endloop
endfacet
facet normal 0 0 -1
 outer loop
  vertex 6.2 -0.36 4.96
  vertex 7.16 0.36 4.96
  vertex 7.16 -0.36 4.96
 endloop
endfacet
facet normal 0 0 1
 outer loop
  vertex 6.2 -0.36 5.92
  vertex 7.16 -0.36 5.92
  vertex 7.16 0.36 5.92
 endloop
endfacet
facet normal 0 0 1
 outer loop
  vertex 6.2 -0.36 5.92
  vertex 7.16 0.36 5.92
  vertex 6.2 0.36 5.92
 endloop
endfacet
facet normal 0 -1 0
 outer loop
  vertex 6.2 -0.36 4.96
  vertex 7.16 -0.36 4.96
  vertex 7.16 -0.36 5.92
 endloop
endfacet
facet normal 0 -1 0
 outer loop
  vertex 6.2 -0.36 4.96
  vertex 7.16 -0.36 5.92
  vertex 6.2 -0.36 5.92
 endloop
endfacet
facet normal 0 1 0
 outer loop
  vertex 6.2 0.36 4.96
  vertex 6.2 0.36 5.92
  vertex 7.16 0.36 5.92
 endloop
endfacet
facet normal 0 1 0
 outer loop
  vertex 6.2 0.36 4.96
  vertex 7.16 0.36 5.92
  vertex 7.16 0.36 4.96
 endloop
endfacet
facet normal -1 0 0
 outer loop
  vertex 6.2 -0.36 4.96
  vertex 6.2 -0.36 5.92
  vertex 6.2 0.36 5.92
 endloop
endfacet
facet normal -1 0 0
 outer loop
  vertex 6.2 -0.36 4.96
  vertex 6.2 0.36 5.92
  vertex 6.2 0.36 4.96
 endloop
endfacet
facet normal 1 0 0
 outer loop
  vertex 7.16 -0.36 4.96
  vertex 7.16 0.36 4.96
  vertex 7.16 0.36 5.92
 endloop
endfacet
facet normal 1 0 0
 outer loop
  vertex 7.16 -0.36 4.96
  vertex 7.16 0.36 5.92
  vertex 7.16 -0.36 5.92
 endloop
endfacet
facet normal 0 0 -1
 outer loop
  vertex 6.2 -0.36 3.72
  vertex 6.2 0.36 3.72
  vertex 7.16 0.36 3.72
 endloop
endfacet
facet normal 0 0 -1
 outer loop
  vertex 6.2 -0.36 3.72
  vertex 7.16 0.36 3.72
  vertex 7.16 -0.36 3.72
 endloop
endfacet
facet normal 0 0 1
 outer loop
  vertex 6.2 -0.36 4.68
  vertex 7.16 -0.36 4.68
  vertex 7.16 0.36 4.68
 endloop
endfacet
facet normal 0 0 1
 outer loop
  vertex 6.2 -0.36 4.68
  vertex 7.16 0.36 4.68
  vertex 6.2 0.36 4.68
 endloop
endfacet
facet normal 0 -1 0
 outer loop
  vertex 6.2 -0.36 3.72
  vertex 7.16 -0.36 3.72
  vertex 7.16 -0.36 4.68
 endloop
endfacet
facet normal 0 -1 0
 outer loop
  vertex 6.2 -0.36 3.72
  vertex 7.16 -0.36 4.68
  vertex 6.2 -0.36 4.68
 endloop
endfacet
facet normal 0 1 0
 outer loop
  vertex 6.2 0.36 3.72
  vertex 6.2 0.36 4.68
  vertex 7.16 0.36 4.68
 endloop
endfacet
facet normal 0 1 0
 outer loop
  vertex 6.2 0.36 3.72
  vertex 7.16 0.36 4.68
  vertex 7.16 0.36 3.72
 endloop
endfacet
facet normal -1 0 0
 outer loop
  vertex 6.2 -0.36 3.72
  vertex 6.2 -0.36 4.68
  vertex 6.2 0.36 4.68
 endloop
endfacet
facet normal -1 0 0
 outer loop
  vertex 6.2 -0.36 3.72
  vertex 6.2 0.36 4.68
  vertex 6.2 0.36 3.72
 endloop
endfacet
facet normal 1 0 0
 outer loop
  vertex 7.16 -0.36 3.72
  vertex 7.16 0.36 3.72
  vertex 7.16 0.36 4.68
 endloop
endfacet
facet normal 1 0 0
 outer loop
  vertex 7.16 -0.36 3.72
  vertex 7.16 0.36 4.68
  vertex 7.16 -0.36 4.68
 endloop
endfacet
facet normal 0 0 -1
 outer loop
  vertex 6.2 -0.36 2.48
  vertex 6.2 0.36 2.48
  vertex 7.16 0.36 2.48
 endloop
endfacet
facet normal 0 0 -1
 outer loop
  vertex 6.2 -0.36 2.48
  vertex 7.16 0.36 2.48
  vertex 7.16 -0.36 2.48
 endloop
endfacet
facet normal 0 0 1
 outer loop
  vertex 6.2 -0.36 3.44
  vertex 7.16 -0.36 3.44
  vertex 7.16 0.36 3.44
 endloop
endfacet
facet normal 0 0 1
 outer loop
  vertex 6.2 -0.36 3.44
  vertex 7.16 0.36 3.44
  vertex 6.2 0.36 3.44
 endloop
endfacet
facet normal 0 -1 0
 outer loop
  vertex 6.2 -0.36 2.48
  vertex 7.16 -0.36 2.48
  vertex 7.16 -0.36 3.44
 endloop
endfacet
facet normal 0 -1 0
 outer loop
  vertex 6.2 -0.36 2.48
  vertex 7.16 -0.36 3.44
  vertex 6.2 -0.36 3.44
 endloop
endfacet
facet normal 0 1 0
 outer loop
  vertex 6.2 0.36 2.48
  vertex 6.2 0.36 3.44
  vertex 7.16 0.36 3.44
 endloop
endfacet
facet normal 0 1 0
 outer loop
  vertex 6.2 0.36 2.48
  vertex 7.16 0.36 3.44
  vertex 7.16 0.36 2.48
 endloop
endfacet
facet normal -1 0 0
 outer loop
  vertex 6.2 -0.36 2.48
  vertex 6.2 -0.36 3.44
  vertex 6.2 0.36 3.44
 endloop
endfacet
facet normal -1 0 0
 outer loop
  vertex 6.2 -0.36 2.48
  vertex 6.2 0.36 3.44
  vertex 6.2 0.36 2.48
 endloop
endfacet
facet normal 1 0 0
 outer loop
  vertex 7.16 -0.36 2.48
  vertex 7.16 0.36 2.48
  vertex 7.16 0.36 3.44
 endloop
endfacet
facet normal 1 0 0
 outer loop
  vertex 7.16 -0.36 2.48
  vertex 7.16 0.36 3.44
  vertex 7.16 -0.36 3.44
 endloop
endfacet
facet normal 0 0 -1
 outer loop
  vertex 7.44 -0.36 4.96
  vertex 7.44 0.36 4.96
  vertex 8.4 0.36 4.96
 endloop
endfacet
facet normal 0 0 -1
 outer loop
  vertex 7.44 -0.36 4.96
  vertex 8.4 0.36 4.96
  vertex 8.4 -0.36 4.96
 endloop
endfacet
facet normal 0 0 1
 outer loop
  vertex 7.44 -0.36 5.92
  vertex 8.4 -0.36 5.92
  vertex 8.4 0.36 5.92
 endloop
endfacet
facet normal 0 0 1
 outer loop
  vertex 7.44 -0.36 5.92
  vertex 8.4 0.36 5.92
  vertex 7.44 0.36 5.92
 endloop
endfacet
facet normal 0 -1 0
 outer loop
  vertex 7.44 -0.36 4.96
  vertex 8.4 -0.36 4.96
  vertex 8.4 -0.36 5.92
 endloop
endfacet
facet normal 0 -1 0
 outer loop
  vertex 7.44 -0.36 4.96
  vertex 8.4 -0.36 5.92
  vertex 7.44 -0.36 5.92
 endloop
endfacet
facet normal 0 1 0
 outer loop
  vertex 7.44 0.36 4.96
  vertex 7.44 0.36 5.92
  vertex 8.4 0.36 5.92
 endloop
endfacet
facet normal 0 1 0
 outer loop
  vertex 7.44 0.36 4.96
  vertex 8.4 0.36 5.92
  vertex 8.4 0.36 4.96
 endloop
endfacet
facet normal -1 0 0
 outer loop
  vertex 7.44 -0.36 4.96
  vertex 7.44 -0.36 5.92
  vertex 7.44 0.36 5.92
 endloop
endfacet
facet normal -1 0 0
 outer loop
  vertex 7.44 -0.36 4.96
  vertex 7.44 0.36 5.92
  vertex 7.44 0.36 4.96
 endloop
endfacet
facet normal 1 0 0
 outer loop
  vertex 8.4 -0.36 4.96
  vertex 8.4 0.36 4.96
  vertex 8.4 0.36 5.92
 endloop
endfacet
facet normal 1 0 0
 outer loop
  vertex 8.4 -0.36 4.96
  vertex 8.4 0.36 5.92
  vertex 8.4 -0.36 5.92
 endloop
endfacet
facet normal 0 0 -1
 outer loop
  vertex 7.44 -0.36 3.72
  vertex 7.44 0.36 3.72
  vertex 8.4 0.36 3.72
 endloop
endfacet
facet normal 0 0 -1
 outer loop
  vertex 7.44 -0.36 3.72
  vertex 8.4 0.36 3.72
  vertex 8.4 -0.36 3.72
 endloop
endfacet
facet normal 0 0 1
 outer loop
  vertex 7.44 -0.36 4.68
  vertex 8.4 -0.36 4.68
  vertex 8.4 0.36 4.68
 endloop
endfacet
facet normal 0 0 1
 outer loop
  vertex 7.44 -0.36 4.68
  vertex 8.4 0.36 4.68
  vertex 7.44 0.36 4.68
 endloop
endfacet
facet normal 0 -1 0
 outer loop
  vertex 7.44 -0.36 3.72
  vertex 8.4 -0.36 3.72
  vertex 8.4 -0.36 4.68
 endloop
endfacet
facet normal 0 -1 0
 outer loop
  vertex 7.44 -0.36 3.72
  vertex 8.4 -0.36 4.68
  vertex 7.44 -0.36 4.68
 endloop
endfacet
facet normal 0 1 0
 outer loop
  vertex 7.44 0.36 3.72
  vertex 7.44 0.36 4.68
  vertex 8.4 0.36 4.68
 endloop
endfacet
facet normal 0 1 0
 outer loop
  vertex 7.44 0.36 3.72
  vertex 8.4 0.36 4.68
  vertex 8.4 0.36 3.72
 endloop
endfacet
facet normal -1 0 0
 outer loop
  vertex 7.44 -0.36 3.72
  vertex 7.44 -0.36 4.68
  vertex 7.44 0.36 4.68
 endloop
endfacet
facet normal -1 0 0
 outer loop
  vertex 7.44 -0.36 3.72
  vertex 7.44 0.36 4.68
  vertex 7.44 0.36 3.72
 endloop
endfacet
facet normal 1 0 0
 outer loop
  vertex 8.4 -0.36 3.72
  vertex 8.4 0.36 3.72
  vertex 8.4 0.36 4.68
 endloop
endfacet
facet normal 1 0 0
 outer loop
  vertex 8.4 -0.36 3.72
  vertex 8.4 0.36 4.68
  vertex 8.4 -0.36 4.68
 endloop
endfacet
facet normal 0 0 -1
 outer loop
  vertex 12.4 -0.51 4.96
  vertex 12.4 0.51 4.96
  vertex 13.36 0.51 4.96
 endloop
endfacet
facet normal 0 0 -1
 outer loop
  vertex 12.4 -0.51 4.96
  vertex 13.36 0.51 4.96
  vertex 13.36 -0.51 4.96
 endloop
endfacet
facet normal 0 0 1
 outer loop
  vertex 12.4 -0.51 5.92
  vertex 13.36 -0.51 5.92
  vertex 13.36 0.51 5.92
 endloop
endfacet
facet normal 0 0 1
 outer loop
  vertex 12.4 -0.51 5.92
  vertex 13.36 0.51 5.92
  vertex 12.4 0.51 5.92
 endloop
endfacet
facet normal 0 -1 0
 outer loop
  vertex 12.4 -0.51 4.96
  vertex 13.36 -0.51 4.96
  vertex 13.36 -0.51 5.92
 endloop
endfacet
facet normal 0 -1 0
 outer loop
  vertex 12.4 -0.51 4.96
  vertex 13.36 -0.51 5.92
  vertex 12.4 -0.51 5.92
 endloop
endfacet
facet normal 0 1 0
 outer loop
  vertex 12.4 0.51 4.96
  vertex 12.4 0.51 5.92
  vertex 13.36 0.51 5.92
 endloop
endfacet
facet normal 0 1 0
 outer loop
  vertex 12.4 0.51 4.96
  vertex 13.36 0.51 5.92
  vertex 13.36 0.51 4.96
 endloop
endfacet
facet normal -1 0 0
 outer loop
  vertex 12.4 -0.51 4.96
  vertex 12.4 -0.51 5.92
  vertex 12.4 0.51 5.92
 endloop
endfacet
facet normal -1 0 0
 outer loop
  vertex 12.4 -0.51 4.96
  vertex 12.4 0.51 5.92
  vertex 12.4 0.51 4.96
 endloop
endfacet
facet normal 1 0 0
 outer loop
  vertex 13.36 -0.51 4.96
  vertex 13.36 0.51 4.96
  vertex 13.36 0.51 5.92
 endloop
endfacet
facet normal 1 0 0
 outer loop
  vertex 13.36 -0.51 4.96
  vertex 13.36 0.51 5.92
  vertex 13.36 -0.51 5.92
 endloop
endfacet
facet normal 0 0 -1
 outer loop
  vertex 12.4 -0.51 3.72
  vertex 12.4 0.51 3.72
  vertex 13.36 0.51 3.72
 endloop
endfacet
facet normal 0 0 -1
 outer loop
  vertex 12.4 -0.51 3.72
  vertex 13.36 0.51 3.72
  vertex 13.36 -0.51 3.72
 endloop
endfacet
facet normal 0 0 1
 outer loop
  vertex 12.4 -0.51 4.68
  vertex 13.36 -0.51 4.68
  vertex 13.36 0.51 4.68
 endloop
endfacet
facet normal 0 0 1
 outer loop
  vertex 12.4 -0.51 4.68
  vertex 13.36 0.51 4.68
  vertex 12.4 0.51 4.68
 endloop
endfacet
facet normal 0 -1 0
 outer loop
  vertex 12.4 -0.51 3.72
  vertex 13.36 -0.51 3.72
  vertex 13.36 -0.51 4.68
 endloop
endfacet
facet normal 0 -1 0
 outer loop
  vertex 12.4 -0.51 3.72
  vertex 13.36 -0.51 4.68
  vertex 12.4 -0.51 4.68
 endloop
endfacet
facet normal 0 1 0
 outer loop
  vertex 12.4 0.51 3.72
  vertex 12.4 0.51 4.68
  vertex 13.36 0.51 4.68
 endloop
endfacet
facet normal 0 1 0
 outer loop
  vertex 12.4 0.51 3.72
  vertex 13.36 0.51 4.68
  vertex 13.36 0.51 3.72
 endloop
endfacet
facet normal -1 0 0
 outer loop
  vertex 12.4 -0.51 3.72
  vertex 12.4 -0.51 4.68
  vertex 12.4 0.51 4.68
 endloop
endfacet
facet normal -1 0 0
 outer loop
  vertex 12.4 -0.51 3.72
  vertex 12.4 0.51 4.68
  vertex 12.4 0.51 3.72
 endloop
endfacet
facet normal 1 0 0
 outer loop
  vertex 13.36 -0.51 3.72
  vertex 13.36 0.51 3.72
  vertex 13.36 0.51 4.68
 endloop
endfacet
facet normal 1 0 0
 outer loop
  vertex 13.36 -0.51 3.72
  vertex 13.36 0.51 4.68
  vertex 13.36 -0.51 4.68
 endloop
endfacet
facet normal 0 0 -1
 outer loop
  vertex 13.64 -0.51 6.2
  vertex 13.64 0.51 6.2
  vertex 14.6 0.51 6.2
 endloop
endfacet
facet normal 0 0 -1
 outer loop
  vertex 13.64 -0.51 6.2
  vertex 14.6 0.51 6.2
  vertex 14.6 -0.51 6.2
 endloop
endfacet
facet normal 0 0 1
 outer loop
  vertex 13.64 -0.51 7.16
  vertex 14.6 -0.51 7.16
  vertex 14.6 0.51 7.16
 endloop
endfacet
facet normal 0 0 1
 outer loop
  vertex 13.64 -0.51 7.16
  vertex 14.6 0.51 7.16
  vertex 13.64 0.51 7.16
 endloop
endfacet
facet normal 0 -1 0
 outer loop
  vertex 13.64 -0.51 6.2
  vertex 14.6 -0.51 6.2
  vertex 14.6 -0.51 7.16
 endloop
endfacet
facet normal 0 -1 0
 outer loop
  vertex 13.64 -0.51 6.2
  vertex 14.6 -0.51 7.16
  vertex 13.64 -0.51 7.16
 endloop
endfacet
facet normal 0 1 0
 outer loop
  vertex 13.64 0.51 6.2
  vertex 13.64 0.51 7.16
  vertex 14.6 0.51 7.16
 endloop
endfacet
facet normal 0 1 0
 outer loop
  vertex 13.64 0.51 6.2
  vertex 14.6 0.51 7.16
  vertex 14.6 0.51 6.2
 endloop
endfacet
facet normal -1 0 0
 outer loop
  vertex 13.64 -0.51 6.2
  vertex 13.64 -0.51 7.16
  vertex 13.64 0.51 7.16
 endloop
endfacet
facet normal -1 0 0
 outer loop
  vertex 13.64 -0.51 6.2
  vertex 13.64 0.51 7.16
  vertex 13.64 0.51 6.2
 endloop
endfacet
facet normal 1 0 0
 outer loop
  vertex 14.6 -0.51 6.2
  vertex 14.6 0.51 6.2
  vertex 14.6 0.51 7.16
 endloop
endfacet
facet normal 1 0 0
 outer loop
  vertex 14.6 -0.51 6.2
  vertex 14.6 0.51 7.16
  vertex 14.6 -0.51 7.16
 endloop
endfacet
facet normal 0 0 -1
 outer loop
  vertex 13.64 -0.51 4.96
  vertex 13.64 0.51 4.96
  vertex 14.6 0.51 4.96
 endloop
endfacet
facet normal 0 0 -1
 outer loop
  vertex 13.64 -0.51 4.96
  vertex 14.6 0.51 4.96
  vertex 14.6 -0.51 4.96
 endloop
endfacet
facet normal 0 0 1
 outer loop
  vertex 13.64 -0.51 5.92
  vertex 14.6 -0.51 5.92
  vertex 14.6 0.51 5.92
 endloop
endfacet
facet normal 0 0 1
 outer loop
  vertex 13.64 -0.51 5.92
  vertex 14.6 0.51 5.92
  vertex 13.64 0.51 5.92
 endloop
endfacet
facet normal 0 -1 0
 outer loop
  vertex 13.64 -0.51 4.96
  vertex 14.6 -0.51 4.96
  vertex 14.6 -0.51 5.92
 endloop
endfacet
facet normal 0 -1 0
 outer loop
  vertex 13.64 -0.51 4.96
  vertex 14.6 -0.51 5.92
  vertex 13.64 -0.51 5.92
 endloop
endfacet
facet normal 0 1 0
 outer loop
  vertex 13.64 0.51 4.96
  vertex 13.64 0.51 5.92
  vertex 14.6 0.51 5.92
 endloop
endfacet
facet normal 0 1 0
 outer loop
  vertex 13.64 0.51 4.96
  vertex 14.6 0.51 5.92
  vertex 14.6 0.51 4.96
 endloop
endfacet
facet normal -1 0 0
 outer loop
  vertex 13.64 -0.51 4.96
  vertex 13.64 -0.51 5.92
  vertex 13.64 0.51 5.92
 endloop
endfacet
facet normal -1 0 0
 outer loop
  vertex 13.64 -0.51 4.96
  vertex 13.64 0.51 5.92
  vertex 13.64 0.51 4.96
 endloop
endfacet
facet normal 1 0 0
 outer loop
  vertex 14.6 -0.51 4.96
  vertex 14.6 0.51 4.96
  vertex 14.6 0.51 5.92
 endloop
endfacet
facet normal 1 0 0
 outer loop
  vertex 14.6 -0.51 4.96
  vertex 14.6 0.51 5.92
  vertex 14.6 -0.51 5.92
 endloop
endfacet
facet normal 0 0 -1
 outer loop
  vertex 13.64 -0.51 3.72
  vertex 13.64 0.51 3.72
  vertex 14.6 0.51 3.72
 endloop
endfacet
facet normal 0 0 -1
 outer loop
  vertex 13.64 -0.51 3.72
  vertex 14.6 0.51 3.72
  vertex 14.6 -0.51 3.72
 endloop
endfacet
facet normal 0 0 1
 outer loop
  vertex 13.64 -0.51 4.68
  vertex 14.6 -0.51 4.68
  vertex 14.6 0.51 4.68
 endloop
endfacet
facet normal 0 0 1
 outer loop
  vertex 13.64 -0.51 4.68
  vertex 14.6 0.51 4.68
  vertex 13.64 0.51 4.68
 endloop
endfacet
facet normal 0 -1 0
 outer loop
  vertex 13.64 -0.51 3.72
  vertex 14.6 -0.51 3.72
  vertex 14.6 -0.51 4.68
 endloop
endfacet
facet normal 0 -1 0
 outer loop
  vertex 13.64 -0.51 3.72
  vertex 14.6 -0.51 4.68
  vertex 13.64 -0.51 4.68
 endloop
endfacet
facet normal 0 1 0
 outer loop
  vertex 13.64 0.51 3.72
  vertex 13.64 0.51 4.68
  vertex 14.6 0.51 4.68
 endloop
endfacet
facet normal 0 1 0
 outer loop
  vertex 13.64 0.51 3.72
  vertex 14.6 0.51 4.68
  vertex 14.6 0.51 3.72
 endloop
endfacet
facet normal -1 0 0
 outer loop
  vertex 13.64 -0.51 3.72
  vertex 13.64 -0.51 4.68
  vertex 13.64 0.51 4.68
 endloop
endfacet
facet normal -1 0 0
 outer loop
  vertex 13.64 -0.51 3.72
  vertex 13.64 0.51 4.68
  vertex 13.64 0.51 3.72
 endloop
endfacet
facet normal 1 0 0
 outer loop
  vertex 14.6 -0.51 3.72
  vertex 14.6 0.51 3.72
  vertex 14.6 0.51 4.68
 endloop
endfacet
facet normal 1 0 0
 outer loop
  vertex 14.6 -0.51 3.72
  vertex 14.6 0.51 4.68
  vertex 14.6 -0.51 4.68
 endloop
endfacet
facet normal 0 0 -1
 outer loop
  vertex 13.64 -0.51 2.48
  vertex 13.64 0.51 2.48
  vertex 14.6 0.51 2.48
 endloop
endfacet
facet normal 0 0 -1
 outer loop
  vertex 13.64 -0.51 2.48
  vertex 14.6 0.51 2.48
  vertex 14.6 -0.51 2.48
 endloop
endfacet
facet normal 0 0 1
 outer loop
  vertex 13.64 -0.51 3.44
  vertex 14.6 -0.51 3.44
  vertex 14.6 0.51 3.44
 endloop
endfacet
facet normal 0 0 1
 outer loop
  vertex 13.64 -0.51 3.44
  vertex 14.6 0.51 3.44
  vertex 13.64 0.51 3.44
 endloop
endfacet
facet normal 0 -1 0
 outer loop
  vertex 13.64 -0.51 2.48
  vertex 14.6 -0.51 2.48
  vertex 14.6 -0.51 3.44
 endloop
endfacet
facet normal 0 -1 0
 outer loop
  vertex 13.64 -0.51 2.48
  vertex 14.6 -0.51 3.44
  vertex 13.64 -0.51 3.44
 endloop
endfacet
facet normal 0 1 0
 outer loop
  vertex 13.64 0.51 2.48
  vertex 13.64 0.51 3.44
  vertex 14.6 0.51 3.44
 endloop
endfacet
facet normal 0 1 0
 outer loop
  vertex 13.64 0.51 2.48
  vertex 14.6 0.51 3.44
  vertex 14.6 0.51 2.48
 endloop
endfacet
facet normal -1 0 0
 outer loop
  vertex 13.64 -0.51 2.48
  vertex 13.64 -0.51 3.44
  vertex 13.64 0.51 3.44
 endloop
endfacet
facet normal -1 0 0
 outer loop
  vertex 13.64 -0.51 2.48
  vertex 13.64 0.51 3.44
  vertex 13.64 0.51 2.48
 endloop
endfacet
facet normal 1 0 0
 outer loop
  vertex 14.6 -0.51 2.48
  vertex 14.6 0.51 2.48
  vertex 14.6 0.51 3.44
 endloop
endfacet
facet normal 1 0 0
 outer loop
  vertex 14.6 -0.51 2.48
  vertex 14.6 0.51 3.44
  vertex 14.6 -0.51 3.44
 endloop
endfacet
facet normal 0 0 -1
 outer loop
  vertex 14.88 -0.51 6.2
  vertex 14.88 0.51 6.2
  vertex 15.84 0.51 6.2
 endloop
endfacet
facet normal 0 0 -1
 outer loop
  vertex 14.88 -0.51 6.2
  vertex 15.84 0.51 6.2
  vertex 15.84 -0.51 6.2
 endloop
endfacet
facet normal 0 0 1
 outer loop
  vertex 14.88 -0.51 7.16
  vertex 15.84 -0.51 7.16
  vertex 15.84 0.51 7.16
 endloop
endfacet
facet normal 0 0 1
 outer loop
  vertex 14.88 -0.51 7.16
  vertex 15.84 0.51 7.16
  vertex 14.88 0.51 7.16
 endloop
endfacet
facet normal 0 -1 0
 outer loop
  vertex 14.88 -0.51 6.2
  vertex 15.84 -0.51 6.2
  vertex 15.84 -0.51 7.16
 endloop
endfacet
facet normal 0 -1 0
 outer loop
  vertex 14.88 -0.51 6.2
  vertex 15.84 -0.51 7.16
  vertex 14.88 -0.51 7.16
 endloop
endfacet
facet normal 0 1 0
 outer loop
  vertex 14.88 0.51 6.2
  vertex 14.88 0.51 7.16
  vertex 15.84 0.51 7.16
 endloop
endfacet
facet normal 0 1 0
 outer loop
  vertex 14.88 0.51 6.2
  vertex 15.84 0.51 7.16
  vertex 15.84 0.51 6.2
 endloop
endfacet
facet normal -1 0 0
 outer loop
  vertex 14.88 -0.51 6.2
  vertex 14.88 -0.51 7.16
  vertex 14.88 0.51 7.16
 endloop
endfacet
facet normal -1 0 0
 outer loop
  vertex 14.88 -0.51 6.2
  vertex 14.88 0.51 7.16
  vertex 14.88 0.51 6.2
 endloop
endfacet
facet normal 1 0 0
 outer loop
  vertex 15.84 -0.51 6.2
  vertex 15.84 0.51 6.2
  vertex 15.84 0.51 7.16
 endloop
endfacet
facet normal 1 0 0
 outer loop
  vertex 15.84 -0.51 6.2
  vertex 15.84 0.51 7.16
  vertex 15.84 -0.51 7.16
 endloop
endfacet
facet normal 0 0 -1
 outer loop
  vertex 14.88 -0.51 4.96
  vertex 14.88 0.51 4.96
  vertex 15.84 0.51 4.96
 endloop
endfacet
facet normal 0 0 -1
 outer loop
  vertex 14.88 -0.51 4.96
  vertex 15.84 0.51 4.96
  vertex 15.84 -0.51 4.96
 endloop
endfacet
facet normal 0 0 1
 outer loop
  vertex 14.88 -0.51 5.92
  vertex 15.84 -0.51 5.92
  vertex 15.84 0.51 5.92
 endloop
endfacet
facet normal 0 0 1
 outer loop
  vertex 14.88 -0.51 5.92
  vertex 15.84 0.51 5.92
  vertex 14.88 0.51 5.92
 endloop
endfacet
facet normal 0 -1 0
 outer loop
  vertex 14.88 -0.51 4.96
  vertex 15.84 -0.51 4.96
  vertex 15.84 -0.51 5.92
 endloop
endfacet
facet normal 0 -1 0
 outer loop
  vertex 14.88 -0.51 4.96
  vertex 15.84 -0.51 5.92
  vertex 14.88 -0.51 5.92
 endloop
endfacet
facet normal 0 1 0
 outer loop
  vertex 14.88 0.51 4.96
  vertex 14.88 0.51 5.92
  vertex 15.84 0.51 5.92
 endloop
endfacet
facet normal 0 1 0
 outer loop
  vertex 14.88 0.51 4.96
  vertex 15.84 0.51 5.92
  vertex 15.84 0.51 4.96
 endloop
endfacet
facet normal -1 0 0
 outer loop
  vertex 14.88 -0.51 4.96
  vertex 14.88 -0.51 5.92
  vertex 14.88 0.51 5.92
 endloop
endfacet
facet normal -1 0 0
 outer loop
  vertex 14.88 -0.51 4.96
  vertex 14.88 0.51 5.92
  vertex 14.88 0.51 4.96
 endloop
endfacet
facet normal 1 0 0
 outer loop
  vertex 15.84 -0.51 4.96
  vertex 15.84 0.51 4.96
  vertex 15.84 0.51 5.92
 endloop
endfacet
facet normal 1 0 0
 outer loop
  vertex 15.84 -0.51 4.96
  vertex 15.84 0.51 5.92
  vertex 15.84 -0.51 5.92
 endloop
endfacet
facet normal 0 0 -1
 outer loop
  vertex 14.88 -0.51 3.72
  vertex 14.88 0.51 3.72
  vertex 15.84 0.51 3.72
 endloop
endfacet
facet normal 0 0 -1
 outer loop
  vertex 14.88 -0.51 3.72
  vertex 15.84 0.51 3.72
  vertex 15.84 -0.51 3.72
 endloop
endfacet
facet normal 0 0 1
 outer loop
  vertex 14.88 -0.51 4.68
  vertex 15.84 -0.51 4.68
  vertex 15.84 0.51 4.68
 endloop
endfacet
facet normal 0 0 1
 outer loop
  vertex 14.88 -0.51 4.68
  vertex 15.84 0.51 4.68
  vertex 14.88 0.51 4.68
 endloop
endfacet
facet normal 0 -1 0
 outer loop
  vertex 14.88 -0.51 3.72
  vertex 15.84 -0.51 3.72
  vertex 15.84 -0.51 4.68
 endloop
endfacet
facet normal 0 -1 0
 outer loop
  vertex 14.88 -0.51 3.72
  vertex 15.84 -0.51 4.68
  vertex 14.88 -0.51 4.68
 endloop
endfacet
facet normal 0 1 0
 outer loop
  vertex 14.88 0.51 3.72
  vertex 14.88 0.51 4.68
  vertex 15.84 0.51 4.68
 endloop
endfacet
facet normal 0 1 0
 outer loop
  vertex 14.88 0.51 3.72
  vertex 15.84 0.51 4.68
  vertex 15.84 0.51 3.72
 endloop
endfacet
facet normal -1 0 0
 outer loop
  vertex 14.88 -0.51 3.72
  vertex 14.88 -0.51 4.68
  vertex 14.88 0.51 4.68
 endloop
endfacet
facet normal -1 0 0
 outer loop
  vertex 14.88 -0.51 3.72
  vertex 14.88 0.51 4.68
  vertex 14.88 0.51 3.72
 endloop
endfacet
facet normal 1 0 0
 outer loop
  vertex 15.84 -0.51 3.72
  vertex 15.84 0.51 3.72
  vertex 15.84 0.51 4.68
 endloop
endfacet
facet normal 1 0 0
 outer loop
  vertex 15.84 -0.51 3.72
  vertex 15.84 0.51 4.68
  vertex 15.84 -0.51 4.68
 endloop
endfacet
facet normal 0 0 -1
 outer loop
  vertex 14.88 -0.51 2.48
  vertex 14.88 0.51 2.48
  vertex 15.84 0.51 2.48
 endloop
endfacet
facet normal 0 0 -1
 outer loop
  vertex 14.88 -0.51 2.48
  vertex 15.84 0.51 2.48
  vertex 15.84 -0.51 2.48
 endloop
endfacet
facet normal 0 0 1
 outer loop
  vertex 14.88 -0.51 3.44
  vertex 15.84 -0.51 3.44
  vertex 15.84 0.51 3.44
 endloop
endfacet
facet normal 0 0 1
 outer loop
  vertex 14.88 -0.51 3.44
  vertex 15.84 0.51 3.44
  vertex 14.88 0.51 3.44
 endloop
endfacet
facet normal 0 -1 0
 outer loop
  vertex 14.88 -0.51 2.48
  vertex 15.84 -0.51 2.48
  vertex 15.84 -0.51 3.44
 endloop
endfacet
facet normal 0 -1 0
 outer loop
  vertex 14.88 -0.51 2.48
  vertex 15.84 -0.51 3.44
  vertex 14.88 -0.51 3.44
 endloop
endfacet
facet normal 0 1 0
 outer loop
  vertex 14.88 0.51 2.48
  vertex 14.88 0.51 3.44
  vertex 15.84 0.51 3.44
 endloop
endfacet
facet normal 0 1 0
 outer loop
  vertex 14.88 0.51 2.48
  vertex 15.84 0.51 3.44
  vertex 15.84 0.51 2.48
 endloop
endfacet
facet normal -1 0 0
 outer loop
  vertex 14.88 -0.51 2.48
  vertex 14.88 -0.51 3.44
  vertex 14.88 0.51 3.44
 endloop
endfacet
facet normal -1 0 0
 outer loop
  vertex 14.88 -0.51 2.48
  vertex 14.88 0.51 3.44
  vertex 14.88 0.51 2.48
 endloop
endfacet
facet normal 1 0 0
 outer loop
  vertex 15.84 -0.51 2.48
  vertex 15.84 0.51 2.48
  vertex 15.84 0.51 3.44
 endloop
endfacet
facet normal 1 0 0
 outer loop
  vertex 15.84 -0.51 2.48
  vertex 15.84 0.51 3.44
  vertex 15.84 -0.51 3.44
 endloop
endfacet
facet normal 0 0 -1
 outer loop
  vertex 14.88 -0.51 1.24
  vertex 14.88 0.51 1.24
  vertex 15.84 0.51 1.24
 endloop
endfacet
facet normal 0 0 -1
 outer loop
  vertex 14.88 -0.51 1.24
  vertex 15.84 0.51 1.24
  vertex 15.84 -0.51 1.24
 endloop
endfacet
facet normal 0 0 1
 outer loop
  vertex 14.88 -0.51 2.2
  vertex 15.84 -0.51 2.2
  vertex 15.84 0.51 2.2
 endloop
endfacet
facet normal 0 0 1
 outer loop
  vertex 14.88 -0.51 2.2
  vertex 15.84 0.51 2.2
  vertex 14.88 0.51 2.2
 endloop
endfacet
facet normal 0 -1 0
 outer loop
  vertex 14.88 -0.51 1.24
  vertex 15.84 -0.51 1.24
  vertex 15.84 -0.51 2.2
 endloop
endfacet
facet normal 0 -1 0
 outer loop
  vertex 14.88 -0.51 1.24
  vertex 15.84 -0.51 2.2
  vertex 14.88 -0.51 2.2
 endloop
endfacet
facet normal 0 1 0
 outer loop
  vertex 14.88 0.51 1.24
  vertex 14.88 0.51 2.2
  vertex 15.84 0.51 2.2
 endloop
endfacet
facet normal 0 1 0
 outer loop
  vertex 14.88 0.51 1.24
  vertex 15.84 0.51 2.2
  vertex 15.84 0.51 1.24
 endloop
endfacet
facet normal -1 0 0
 outer loop
  vertex 14.88 -0.51 1.24
  vertex 14.88 -0.51 2.2
  vertex 14.88 0.51 2.2
 endloop
endfacet
facet normal -1 0 0
 outer loop
  vertex 14.88 -0.51 1.24
  vertex 14.88 0.51 2.2
  vertex 14.88 0.51 1.24
 endloop
endfacet
facet normal 1 0 0
 outer loop
  vertex 15.84 -0.51 1.24
  vertex 15.84 0.51 1.24
  vertex 15.84 0.51 2.2
 endloop
endfacet
facet normal 1 0 0
 outer loop
  vertex 15.84 -0.51 1.24
  vertex 15.84 0.51 2.2
  vertex 15.84 -0.51 2.2
 endloop
endfacet
facet normal 0 0 -1
 outer loop
  vertex 16.12 -0.51 4.96
  vertex 16.12 0.51 4.96
  vertex 17.08 0.51 4.96
 endloop
endfacet
facet normal 0 0 -1
 outer loop
  vertex 16.12 -0.51 4.96
  vertex 17.08 0.51 4.96
  vertex 17.08 -0.51 4.96
 endloop
endfacet
facet normal 0 0 1
 outer loop
  vertex 16.12 -0.51 5.92
  vertex 17.08 -0.51 5.92
  vertex 17.08 0.51 5.92
 endloop
endfacet
facet normal 0 0 1
 outer loop
  vertex 16.12 -0.51 5.92
  vertex 17.08 0.51 5.92
  vertex 16.12 0.51 5.92
 endloop
endfacet
facet normal 0 -1 0
 outer loop
  vertex 16.12 -0.51 4.96
  vertex 17.08 -0.51 4.96
  vertex 17.08 -0.51 5.92
 endloop
endfacet
facet normal 0 -1 0
 outer loop
  vertex 16.12 -0.51 4.96
  vertex 17.08 -0.51 5.92
  vertex 16.12 -0.51 5.92
 endloop
endfacet
facet normal 0 1 0
 outer loop
  vertex 16.12 0.51 4.96
  vertex 16.12 0.51 5.92
  vertex 17.08 0.51 5.92
 endloop
endfacet
facet normal 0 1 0
 outer loop
  vertex 16.12 0.51 4.96
  vertex 17.08 0.51 5.92
  vertex 17.08 0.51 4.96
 endloop
endfacet
facet normal -1 0 0
 outer loop
  vertex 16.12 -0.51 4.96
  vertex 16.12 -0.51 5.92
  vertex 16.12 0.51 5.92
 endloop
endfacet
facet normal -1 0 0
 outer loop
  vertex 16.12 -0.51 4.96
  vertex 16.12 0.51 5.92
  vertex 16.12 0.51 4.96
 endloop
endfacet
facet normal 1 0 0
 outer loop
  vertex 17.08 -0.51 4.96
  vertex 17.08 0.51 4.96
  vertex 17.08 0.51 5.92
 endloop
endfacet
facet normal 1 0 0
 outer loop
  vertex 17.08 -0.51 4.96
  vertex 17.08 0.51 5.92
  vertex 17.08 -0.51 5.92
 endloop
endfacet
facet normal 0 0 -1
 outer loop
  vertex 16.12 -0.51 3.72
  vertex 16.12 0.51 3.72
  vertex 17.08 0.51 3.72
 endloop
endfacet
facet normal 0 0 -1
 outer loop
  vertex 16.12 -0.51 3.72
  vertex 17.08 0.51 3.72
  vertex 17.08 -0.51 3.72
 endloop
endfacet
facet normal 0 0 1
 outer loop
  vertex 16.12 -0.51 4.68
  vertex 17.08 -0.51 4.68
  vertex 17.08 0.51 4.68
 endloop
endfacet
facet normal 0 0 1
 outer loop
  vertex 16.12 -0.51 4.68
  vertex 17.08 0.51 4.68
  vertex 16.12 0.51 4.68
 endloop
endfacet
facet normal 0 -1 0
 outer loop
  vertex 16.12 -0.51 3.72
  vertex 17.08 -0.51 3.72
  vertex 17.08 -0.51 4.68
 endloop
endfacet
facet normal 0 -1 0
 outer loop
  vertex 16.12 -0.51 3.72
  vertex 17.08 -0.51 4.68
  vertex 16.12 -0.51 4.68
 endloop
endfacet
facet normal 0 1 0
 outer loop
  vertex 16.12 0.51 3.72
  vertex 16.12 0.51 4.68
  vertex 17.08 0.51 4.68
 endloop
endfacet
facet normal 0 1 0
 outer loop
  vertex 16.12 0.51 3.72
  vertex 17.08 0.51 4.68
  vertex 17.08 0.51 3.72
 endloop
endfacet
facet normal -1 0 0
 outer loop
  vertex 16.12 -0.51 3.72
  vertex 16.12 -0.51 4.68
  vertex 16.12 0.51 4.68
 endloop
endfacet
facet normal -1 0 0
 outer loop
  vertex 16.12 -0.51 3.72
  vertex 16.12 0.51 4.68
  vertex 16.12 0.51 3.72
 endloop
endfacet
facet normal 1 0 0
 outer loop
  vertex 17.08 -0.51 3.72
  vertex 17.08 0.51 3.72
  vertex 17.08 0.51 4.68
 endloop
endfacet
facet normal 1 0 0
 outer loop
  vertex 17.08 -0.51 3.72
  vertex 17.08 0.51 4.68
  vertex 17.08 -0.51 4.68
 endloop
endfacet
facet normal 0 0 -1
 outer loop
  vertex 16.12 -0.51 2.48
  vertex 16.12 0.51 2.48
  vertex 17.08 0.51 2.48
 endloop
endfacet
facet normal 0 0 -1
 outer loop
  vertex 16.12 -0.51 2.48
  vertex 17.08 0.51 2.48
  vertex 17.08 -0.51 2.48
 endloop
endfacet
facet normal 0 0 1
 outer loop
  vertex 16.12 -0.51 3.44
  vertex 17.08 -0.51 3.44
  vertex 17.08 0.51 3.44
 endloop
endfacet
facet normal 0 0 1
 outer loop
  vertex 16.12 -0.51 3.44
  vertex 17.08 0.51 3.44
  vertex 16.12 0.51 3.44
 endloop
endfacet
facet normal 0 -1 0
 outer loop
  vertex 16.12 -0.51 2.48
  vertex 17.08 -0.51 2.48
  vertex 17.08 -0.51 3.44
 endloop
endfacet
facet normal 0 -1 0
 outer loop
  vertex 16.12 -0.51 2.48
  vertex 17.08 -0.51 3.44
  vertex 16.12 -0.51 3.44
 endloop
endfacet
facet normal 0 1 0
 outer loop
  vertex 16.12 0.51 2.48
  vertex 16.12 0.51 3.44
  vertex 17.08 0.51 3.44
 endloop
endfacet
facet normal 0 1 0
 outer loop
  vertex 16.12 0.51 2.48
  vertex 17.08 0.51 3.44
  vertex 17.08 0.51 2.48
 endloop
endfacet
facet normal -1 0 0
 outer loop
  vertex 16.12 -0.51 2.48
  vertex 16.12 -0.51 3.44
  vertex 16.12 0.51 3.44
 endloop
endfacet
facet normal -1 0 0
 outer loop
  vertex 16.12 -0.51 2.48
  vertex 16.12 0.51 3.44
  vertex 16.12 0.51 2.48
 endloop
endfacet
facet normal 1 0 0
 outer loop
  vertex 17.08 -0.51 2.48
  vertex 17.08 0.51 2.48
  vertex 17.08 0.51 3.44
 endloop
endfacet
facet normal 1 0 0
 outer loop
  vertex 17.08 -0.51 2.48
  vertex 17.08 0.51 3.44
  vertex 17.08 -0.51 3.44
 endloop
endfacet
facet normal 0 0 -1
 outer loop
  vertex 16.12 -0.51 1.24
  vertex 16.12 0.51 1.24
  vertex 17.08 0.51 1.24
 endloop
endfacet
facet normal 0 0 -1
 outer loop
  vertex 16.12 -0.51 1.24
  vertex 17.08 0.51 1.24
  vertex 17.08 -0.51 1.24
 endloop
endfacet
facet normal 0 0 1
 outer loop
  vertex 16.12 -0.51 2.2
  vertex 17.08 -0.51 2.2
  vertex 17.08 0.51 2.2
 endloop
endfacet
facet normal 0 0 1
 outer loop
  vertex 16.12 -0.51 2.2
  vertex 17.08 0.51 2.2
  vertex 16.12 0.51 2.2
 endloop
endfacet
facet normal 0 -1 0
 outer loop
  vertex 16.12 -0.51 1.24
  vertex 17.08 -0.51 1.24
  vertex 17.08 -0.51 2.2
 endloop
endfacet
facet normal 0 -1 0
 outer loop
  vertex 16.12 -0.51 1.24
  vertex 17.08 -0.51 2.2
  vertex 16.12 -0.51 2.2
 endloop
endfacet
facet normal 0 1 0
 outer loop
  vertex 16.12 0.51 1.24
  vertex 16.12 0.51 2.2
  vertex 17.08 0.51 2.2
 endloop
endfacet
facet normal 0 1 0
 outer loop
  vertex 16.12 0.51 1.24
  vertex 17.08 0.51 2.2
  vertex 17.08 0.51 1.24
 endloop
endfacet
facet normal -1 0 0
 outer loop
  vertex 16.12 -0.51 1.24
  vertex 16.12 -0.51 2.2
  vertex 16.12 0.51 2.2
 endloop
endfacet
facet normal -1 0 0
 outer loop
  vertex 16.12 -0.51 1.24
  vertex 16.12 0.51 2.2
  vertex 16.12 0.51 1.24
 endloop
endfacet
facet normal 1 0 0
 outer loop
  vertex 17.08 -0.51 1.24
  vertex 17.08 0.51 1.24
  vertex 17.08 0.51 2.2
 endloop
endfacet
facet normal 1 0 0
 outer loop
  vertex 17.08 -0.51 1.24
  vertex 17.08 0.51 2.2
  vertex 17.08 -0.51 2.2
 endloop
endfacet
facet normal 0 0 -1
 outer loop
  vertex 16.12 -0.51 0
  vertex 16.12 0.51 0
  vertex 17.08 0.51 0
 endloop
endfacet
facet normal 0 0 -1
 outer loop
  vertex 16.12 -0.51 0
  vertex 17.08 0.51 0
  vertex 17.08 -0.51 0
 endloop
endfacet
facet normal 0 0 1
 outer loop
  vertex 16.12 -0.51 0.96
  vertex 17.08 -0.51 0.96
  vertex 17.08 0.51 0.96
 endloop
endfacet
facet normal 0 0 1
 outer loop
  vertex 16.12 -0.51 0.96
  vertex 17.08 0.51 0.96
  vertex 16.12 0.51 0.96
 endloop
endfacet
facet normal 0 -1 0
 outer loop
  vertex 16.12 -0.51 0
  vertex 17.08 -0.51 0
  vertex 17.08 -0.51 0.96
 endloop
endfacet
facet normal 0 -1 0
 outer loop
  vertex 16.12 -0.51 0
  vertex 17.08 -0.51 0.96
  vertex 16.12 -0.51 0.96
 endloop
endfacet
facet normal 0 1 0
 outer loop
  vertex 16.12 0.51 0
  vertex 16.12 0.51 0.96
  vertex 17.08 0.51 0.96
 endloop
endfacet
facet normal 0 1 0
 outer loop
  vertex 16.12 0.51 0
  vertex 17.08 0.51 0.96
  vertex 17.08 0.51 0
 endloop
endfacet
facet normal -1 0 0
 outer loop
  vertex 16.12 -0.51 0
  vertex 16.12 -0.51 0.96
  vertex 16.12 0.51 0.96
 endloop
endfacet
facet normal -1 0 0
 outer loop
  vertex 16.12 -0.51 0
  vertex 16.12 0.51 0.96
  vertex 16.12 0.51 0
 endloop
endfacet
facet normal 1 0 0
 outer loop
  vertex 17.08 -0.51 0
  vertex 17.08 0.51 0
  vertex 17.08 0.51 0.96
 endloop
endfacet
facet normal 1 0 0
 outer loop
  vertex 17.08 -0.51 0
  vertex 17.08 0.51 0.96
  vertex 17.08 -0.51 0.96
 endloop
endfacet
facet normal 0 0 -1
 outer loop
  vertex 17.36 -0.51 6.2
  vertex 17.36 0.51 6.2
  vertex 18.32 0.51 6.2
 endloop
endfacet
facet normal 0 0 -1
 outer loop
  vertex 17.36 -0.51 6.2
  vertex 18.32 0.51 6.2
  vertex 18.32 -0.51 6.2
 endloop
endfacet
facet normal 0 0 1
 outer loop
  vertex 17.36 -0.51 7.16
  vertex 18.32 -0.51 7.16
  vertex 18.32 0.51 7.16
 endloop
endfacet
facet normal 0 0 1
 outer loop
  vertex 17.36 -0.51 7.16
  vertex 18.32 0.51 7.16
  vertex 17.36 0.51 7.16
 endloop
endfacet
facet normal 0 -1 0
 outer loop
  vertex 17.36 -0.51 6.2
  vertex 18.32 -0.51 6.2
  vertex 18.32 -0.51 7.16
 endloop
endfacet
facet normal 0 -1 0
 outer loop
  vertex 17.36 -0.51 6.2
  vertex 18.32 -0.51 7.16
  vertex 17.36 -0.51 7.16
 endloop
endfacet
facet normal 0 1 0
 outer loop
  vertex 17.36 0.51 6.2
  vertex 17.36 0.51 7.16
  vertex 18.32 0.51 7.16
 endloop
endfacet
facet normal 0 1 0
 outer loop
  vertex 17.36 0.51 6.2
  vertex 18.32 0.51 7.16
  vertex 18.32 0.51 6.2
 endloop
endfacet
facet normal -1 0 0
 outer loop
  vertex 17.36 -0.51 6.2
  vertex 17.36 -0.51 7.16
  vertex 17.36 0.51 7.16
 endloop
endfacet
facet normal -1 0 0
 outer loop
  vertex 17.36 -0.51 6.2
  vertex 17.36 0.51 7.16
  vertex 17.36 0.51 6.2
 endloop
endfacet
facet normal 1 0 0
 outer loop
  vertex 18.32 -0.51 6.2
  vertex 18.32 0.51 6.2
  vertex 18.32 0.51 7.16
 endloop
endfacet
facet normal 1 0 0
 outer loop
  vertex 18.32 -0.51 6.2
  vertex 18.32 0.51 7.16
  vertex 18.32 -0.51 7.16
 endloop
endfacet
facet normal 0 0 -1
 outer loop
  vertex 17.36 -0.51 4.96
  vertex 17.36 0.51 4.96
  vertex 18.32 0.51 4.96
 endloop
endfacet
facet normal 0 0 -1
 outer loop
  vertex 17.36 -0.51 4.96
  vertex 18.32 0.51 4.96
  vertex 18.32 -0.51 4.96
 endloop
endfacet
facet normal 0 0 1
 outer loop
  vertex 17.36 -0.51 5.92
  vertex 18.32 -0.51 5.92
  vertex 18.32 0.51 5.92
 endloop
endfacet
facet normal 0 0 1
 outer loop
  vertex 17.36 -0.51 5.92
  vertex 18.32 0.51 5.92
  vertex 17.36 0.51 5.92
 endloop
endfacet
facet normal 0 -1 0
 outer loop
  vertex 17.36 -0.51 4.96
  vertex 18.32 -0.51 4.96
  vertex 18.32 -0.51 5.92
 endloop
endfacet
facet normal 0 -1 0
 outer loop
  vertex 17.36 -0.51 4.96
  vertex 18.32 -0.51 5.92
  vertex 17.36 -0.51 5.92
 endloop
endfacet
facet normal 0 1 0
 outer loop
  vertex 17.36 0.51 4.96
  vertex 17.36 0.51 5.92
  vertex 18.32 0.51 5.92
 endloop
endfacet
facet normal 0 1 0
 outer loop
  vertex 17.36 0.51 4.96
  vertex 18.32 0.51 5.92
  vertex 18.32 0.51 4.96
 endloop
endfacet
facet normal -1 0 0
 outer loop
  vertex 17.36 -0.51 4.96
  vertex 17.36 -0.51 5.92
  vertex 17.36 0.51 5.92
 endloop
endfacet
facet normal -1 0 0
 outer loop
  vertex 17.36 -0.51 4.96
  vertex 17.36 0.51 5.92
  vertex 17.36 0.51 4.96
 endloop
endfacet
facet normal 1 0 0
 outer loop
  vertex 18.32 -0.51 4.96
  vertex 18.32 0.51 4.96
  vertex 18.32 0.51 5.92
 endloop
endfacet
facet normal 1 0 0
 outer loop
  vertex 18.32 -0.51 4.96
  vertex 18.32 0.51 5.92
  vertex 18.32 -0.51 5.92
 endloop
endfacet
facet normal 0 0 -1
 outer loop
  vertex 17.36 -0.51 3.72
  vertex 17.36 0.51 3.72
  vertex 18.32 0.51 3.72
 endloop
endfacet
facet normal 0 0 -1
 outer loop
  vertex 17.36 -0.51 3.72
  vertex 18.32 0.51 3.72
  vertex 18.32 -0.51 3.72
 endloop
endfacet
facet normal 0 0 1
 outer loop
  vertex 17.36 -0.51 4.68
  vertex 18.32 -0.51 4.68
  vertex 18.32 0.51 4.68
 endloop
endfacet
facet normal 0 0 1
 outer loop
  vertex 17.36 -0.51 4.68
  vertex 18.32 0.51 4.68
  vertex 17.36 0.51 4.68
 endloop
endfacet
facet normal 0 -1 0
 outer loop
  vertex 17.36 -0.51 3.72
  vertex 18.32 -0.51 3.72
  vertex 18.32 -0.51 4.68
 endloop
endfacet
facet normal 0 -1 0
 outer loop
  vertex 17.36 -0.51 3.72
  vertex 18.32 -0.51 4.68
  vertex 17.36 -0.51 4.68
 endloop
endfacet
facet normal 0 1 0
 outer loop
  vertex 17.36 0.51 3.72
  vertex 17.36 0.51 4.68
  vertex 18.32 0.51 4.68
 endloop
endfacet
facet normal 0 1 0
 outer loop
  vertex 17.36 0.51 3.72
  vertex 18.32 0.51 4.68
  vertex 18.32 0.51 3.72
 endloop
endfacet
facet normal -1 0 0
 outer loop
  vertex 17.36 -0.51 3.72
  vertex 17.36 -0.51 4.68
  vertex 17.36 0.51 4.68
 endloop
endfacet
facet normal -1 0 0
 outer loop
  vertex 17.36 -0.51 3.72
  vertex 17.36 0.51 4.68
  vertex 17.36 0.51 3.72
 endloop
endfacet
facet normal 1 0 0
 outer loop
  vertex 18.32 -0.51 3.72
  vertex 18.32 0.51 3.72
  vertex 18.32 0.51 4.68
 endloop
endfacet
facet normal 1 0 0
 outer loop
  vertex 18.32 -0.51 3.72
  vertex 18.32 0.51 4.68
  vertex 18.32 -0.51 4.68
 endloop
endfacet
facet normal 0 0 -1
 outer loop
  vertex 17.36 -0.51 2.48
  vertex 17.36 0.51 2.48
  vertex 18.32 0.51 2.48
 endloop
endfacet
facet normal 0 0 -1
 outer loop
  vertex 17.36 -0.51 2.48
  vertex 18.32 0.51 2.48
  vertex 18.32 -0.51 2.48
 endloop
endfacet
facet normal 0 0 1
 outer loop
  vertex 17.36 -0.51 3.44
  vertex 18.32 -0.51 3.44
  vertex 18.32 0.51 3.44
 endloop
endfacet
facet normal 0 0 1
 outer loop
  vertex 17.36 -0.51 3.44
  vertex 18.32 0.51 3.44
  vertex 17.36 0.51 3.44
 endloop
endfacet
facet normal 0 -1 0
 outer loop
  vertex 17.36 -0.51 2.48
  vertex 18.32 -0.51 2.48
  vertex 18.32 -0.51 3.44
 endloop
endfacet
facet normal 0 -1 0
 outer loop
  vertex 17.36 -0.51 2.48
  vertex 18.32 -0.51 3.44
  vertex 17.36 -0.51 3.44
 endloop
endfacet
facet normal 0 1 0
 outer loop
  vertex 17.36 0.51 2.48
  vertex 17.36 0.51 3.44
  vertex 18.32 0.51 3.44
 endloop
endfacet
facet normal 0 1 0
 outer loop
  vertex 17.36 0.51 2.48
  vertex 18.32 0.51 3.44
  vertex 18.32 0.51 2.48
 endloop
endfacet
facet normal -1 0 0
 outer loop
  vertex 17.36 -0.51 2.48
  vertex 17.36 -0.51 3.44
  vertex 17.36 0.51 3.44
 endloop
endfacet
facet normal -1 0 0
 outer loop
  vertex 17.36 -0.51 2.48
  vertex 17.36 0.51 3.44
  vertex 17.36 0.51 2.48
 endloop
endfacet
facet normal 1 0 0
 outer loop
  vertex 18.32 -0.51 2.48
  vertex 18.32 0.51 2.48
  vertex 18.32 0.51 3.44
 endloop
endfacet
facet normal 1 0 0
 outer loop
  vertex 18.32 -0.51 2.48
  vertex 18.32 0.51 3.44
  vertex 18.32 -0.51 3.44
 endloop
endfacet
facet normal 0 0 -1
 outer loop
  vertex 17.36 -0.51 1.24
  vertex 17.36 0.51 1.24
  vertex 18.32 0.51 1.24
 endloop
endfacet
facet normal 0 0 -1
 outer loop
  vertex 17.36 -0.51 1.24
  vertex 18.32 0.51 1.24
  vertex 18.32 -0.51 1.24
 endloop
endfacet
facet normal 0 0 1
 outer loop
  vertex 17.36 -0.51 2.2
  vertex 18.32 -0.51 2.2
  vertex 18.32 0.51 2.2
 endloop
endfacet
facet normal 0 0 1
 outer loop
  vertex 17.36 -0.51 2.2
  vertex 18.32 0.51 2.2
  vertex 17.36 0.51 2.2
 endloop
endfacet
facet normal 0 -1 0
 outer loop
  vertex 17.36 -0.51 1.24
  vertex 18.32 -0.51 1.24
  vertex 18.32 -0.51 2.2
 endloop
endfacet
facet normal 0 -1 0
 outer loop
  vertex 17.36 -0.51 1.24
  vertex 18.32 -0.51 2.2
  vertex 17.36 -0.51 2.2
 endloop
endfacet
facet normal 0 1 0
 outer loop
  vertex 17.36 0.51 1.24
  vertex 17.36 0.51 2.2
  vertex 18.32 0.51 2.2
 endloop
endfacet
facet normal 0 1 0
 outer loop
  vertex 17.36 0.51 1.24
  vertex 18.32 0.51 2.2
  vertex 18.32 0.51 1.24
 endloop
endfacet
facet normal -1 0 0
 outer loop
  vertex 17.36 -0.51 1.24
  vertex 17.36 -0.51 2.2
  vertex 17.36 0.51 2.2
 endloop
endfacet
facet normal -1 0 0
 outer loop
  vertex 17.36 -0.51 1.24
  vertex 17.36 0.51 2.2
  vertex 17.36 0.51 1.24
 endloop
endfacet
facet normal 1 0 0
 outer loop
  vertex 18.32 -0.51 1.24
  vertex 18.32 0.51 1.24
  vertex 18.32 0.51 2.2
 endloop
endfacet
facet normal 1 0 0
 outer loop
  vertex 18.32 -0.51 1.24
  vertex 18.32 0.51 2.2
  vertex 18.32 -0.51 2.2
 endloop
endfacet
facet normal 0 0 -1
 outer loop
  vertex 18.6 -0.51 6.2
  vertex 18.6 0.51 6.2
  vertex 19.56 0.51 6.2
 endloop
endfacet
facet normal 0 0 -1
 outer loop
  vertex 18.6 -0.51 6.2
  vertex 19.56 0.51 6.2
  vertex 19.56 -0.51 6.2
 endloop
endfacet
facet normal 0 0 1
 outer loop
  vertex 18.6 -0.51 7.16
  vertex 19.56 -0.51 7.16
  vertex 19.56 0.51 7.16
 endloop
endfacet
facet normal 0 0 1
 outer loop
  vertex 18.6 -0.51 7.16
  vertex 19.56 0.51 7.16
  vertex 18.6 0.51 7.16
 endloop
endfacet
facet normal 0 -1 0
 outer loop
  vertex 18.6 -0.51 6.2
  vertex 19.56 -0.51 6.2
  vertex 19.56 -0.51 7.16
 endloop
endfacet
facet normal 0 -1 0
 outer loop
  vertex 18.6 -0.51 6.2
  vertex 19.56 -0.51 7.16
  vertex 18.6 -0.51 7.16
 endloop
endfacet
facet normal 0 1 0
 outer loop
  vertex 18.6 0.51 6.2
  vertex 18.6 0.51 7.16
  vertex 19.56 0.51 7.16
 endloop
endfacet
facet normal 0 1 0
 outer loop
  vertex 18.6 0.51 6.2
  vertex 19.56 0.51 7.16
  vertex 19.56 0.51 6.2
 endloop
endfacet
facet normal -1 0 0
 outer loop
  vertex 18.6 -0.51 6.2
  vertex 18.6 -0.51 7.16
  vertex 18.6 0.51 7.16
 endloop
endfacet
facet normal -1 0 0
 outer loop
  vertex 18.6 -0.51 6.2
  vertex 18.6 0.51 7.16
  vertex 18.6 0.51 6.2
 endloop
endfacet
facet normal 1 0 0
 outer loop
  vertex 19.56 -0.51 6.2
  vertex 19.56 0.51 6.2
  vertex 19.56 0.51 7.16
 endloop
endfacet
facet normal 1 0 0
 outer loop
  vertex 19.56 -0.51 6.2
  vertex 19.56 0.51 7.16
  vertex 19.56 -0.51 7.16
 endloop
endfacet
facet normal 0 0 -1
 outer loop
  vertex 18.6 -0.51 4.96
  vertex 18.6 0.51 4.96
  vertex 19.56 0.51 4.96
 endloop
endfacet
facet normal 0 0 -1
 outer loop
  vertex 18.6 -0.51 4.96
  vertex 19.56 0.51 4.96
  vertex 19.56 -0.51 4.96
 endloop
endfacet
facet normal 0 0 1
 outer loop
  vertex 18.6 -0.51 5.92
  vertex 19.56 -0.51 5.92
  vertex 19.56 0.51 5.92
 endloop
endfacet
facet normal 0 0 1
 outer loop
  vertex 18.6 -0.51 5.92
  vertex 19.56 0.51 5.92
  vertex 18.6 0.51 5.92
 endloop
endfacet
facet normal 0 -1 0
 outer loop
  vertex 18.6 -0.51 4.96
  vertex 19.56 -0.51 4.96
  vertex 19.56 -0.51 5.92
 endloop
endfacet
facet normal 0 -1 0
 outer loop
  vertex 18.6 -0.51 4.96
  vertex 19.56 -0.51 5.92
  vertex 18.6 -0.51 5.92
 endloop
endfacet
facet normal 0 1 0
 outer loop
  vertex 18.6 0.51 4.96
  vertex 18.6 0.51 5.92
  vertex 19.56 0.51 5.92
 endloop
endfacet
facet normal 0 1 0
 outer loop
  vertex 18.6 0.51 4.96
  vertex 19.56 0.51 5.92
  vertex 19.56 0.51 4.96
 endloop
endfacet
facet normal -1 0 0
 outer loop
  vertex 18.6 -0.51 4.96
  vertex 18.6 -0.51 5.92
  vertex 18.6 0.51 5.92
 endloop
endfacet
facet normal -1 0 0
 outer loop
  vertex 18.6 -0.51 4.96
  vertex 18.6 0.51 5.92
  vertex 18.6 0.51 4.96
 endloop
endfacet
facet normal 1 0 0
 outer loop
  vertex 19.56 -0.51 4.96
  vertex 19.56 0.51 4.96
  vertex 19.56 0.51 5.92
 endloop
endfacet
facet normal 1 0 0
 outer loop
  vertex 19.56 -0.51 4.96
  vertex 19.56 0.51 5.92
  vertex 19.56 -0.51 5.92
 endloop
endfacet
facet normal 0 0 -1
 outer loop
  vertex 18.6 -0.51 3.72
  vertex 18.6 0.51 3.72
  vertex 19.56 0.51 3.72
 endloop
endfacet
facet normal 0 0 -1
 outer loop
  vertex 18.6 -0.51 3.72
  vertex 19.56 0.51 3.72
  vertex 19.56 -0.51 3.72
 endloop
endfacet
facet normal 0 0 1
 outer loop
  vertex 18.6 -0.51 4.68
  vertex 19.56 -0.51 4.68
  vertex 19.56 0.51 4.68
 endloop
endfacet
facet normal 0 0 1
 outer loop
  vertex 18.6 -0.51 4.68
  vertex 19.56 0.51 4.68
  vertex 18.6 0.51 4.68
 endloop
endfacet
facet normal 0 -1 0
 outer loop
  vertex 18.6 -0.51 3.72
  vertex 19.56 -0.51 3.72
  vertex 19.56 -0.51 4.68
 endloop
endfacet
facet normal 0 -1 0
 outer loop
  vertex 18.6 -0.51 3.72
  vertex 19.56 -0.51 4.68
  vertex 18.6 -0.51 4.68
 endloop
endfacet
facet normal 0 1 0
 outer loop
  vertex 18.6 0.51 3.72
  vertex 18.6 0.51 4.68
  vertex 19.56 0.51 4.68
 endloop
endfacet
facet normal 0 1 0
 outer loop
  vertex 18.6 0.51 3.72
  vertex 19.56 0.51 4.68
  vertex 19.56 0.51 3.72
 endloop
endfacet
facet normal -1 0 0
 outer loop
  vertex 18.6 -0.51 3.72
  vertex 18.6 -0.51 4.68
  vertex 18.6 0.51 4.68
 endloop
endfacet
facet normal -1 0 0
 outer loop
  vertex 18.6 -0.51 3.72
  vertex 18.6 0.51 4.68
  vertex 18.6 0.51 3.72
 endloop
endfacet
facet normal 1 0 0
 outer loop
  vertex 19.56 -0.51 3.72
  vertex 19.56 0.51 3.72
  vertex 19.56 0.51 4.68
 endloop
endfacet
facet normal 1 0 0
 outer loop
  vertex 19.56 -0.51 3.72
  vertex 19.56 0.51 4.68
  vertex 19.56 -0.51 4.68
 endloop
endfacet
facet normal 0 0 -1
 outer loop
  vertex 18.6 -0.51 2.48
  vertex 18.6 0.51 2.48
  vertex 19.56 0.51 2.48
 endloop
endfacet
facet normal 0 0 -1
 outer loop
  vertex 18.6 -0.51 2.48
  vertex 19.56 0.51 2.48
  vertex 19.56 -0.51 2.48
 endloop
endfacet
facet normal 0 0 1
 outer loop
  vertex 18.6 -0.51 3.44
  vertex 19.56 -0.51 3.44
  vertex 19.56 0.51 3.44
 endloop
endfacet
facet normal 0 0 1
 outer loop
  vertex 18.6 -0.51 3.44
  vertex 19.56 0.51 3.44
  vertex 18.6 0.51 3.44
 endloop
endfacet
facet normal 0 -1 0
 outer loop
  vertex 18.6 -0.51 2.48
  vertex 19.56 -0.51 2.48
  vertex 19.56 -0.51 3.44
 endloop
endfacet
facet normal 0 -1 0
 outer loop
  vertex 18.6 -0.51 2.48
  vertex 19.56 -0.51 3.44
  vertex 18.6 -0.51 3.44
 endloop
endfacet
facet normal 0 1 0
 outer loop
  vertex 18.6 0.51 2.48
  vertex 18.6 0.51 3.44
  vertex 19.56 0.51 3.44
 endloop
endfacet
facet normal 0 1 0
 outer loop
  vertex 18.6 0.51 2.48
  vertex 19.56 0.51 3.44
  vertex 19.56 0.51 2.48
 endloop
endfacet
facet normal -1 0 0
 outer loop
  vertex 18.6 -0.51 2.48
  vertex 18.6 -0.51 3.44
  vertex 18.6 0.51 3.44
 endloop
endfacet
facet normal -1 0 0
 outer loop
  vertex 18.6 -0.51 2.48
  vertex 18.6 0.51 3.44
  vertex 18.6 0.51 2.48
 endloop
endfacet
facet normal 1 0 0
 outer loop
  vertex 19.56 -0.51 2.48
  vertex 19.56 0.51 2.48
  vertex 19.56 0.51 3.44
 endloop
endfacet
facet normal 1 0 0
 outer loop
  vertex 19.56 -0.51 2.48
  vertex 19.56 0.51 3.44
  vertex 19.56 -0.51 3.44
 endloop
endfacet
facet normal 0 0 -1
 outer loop
  vertex 19.84 -0.51 4.96
  vertex 19.84 0.51 4.96
  vertex 20.8 0.51 4.96
 endloop
endfacet
facet normal 0 0 -1
 outer loop
  vertex 19.84 -0.51 4.96
  vertex 20.8 0.51 4.96
  vertex 20.8 -0.51 4.96
 endloop
endfacet
facet normal 0 0 1
 outer loop
  vertex 19.84 -0.51 5.92
  vertex 20.8 -0.51 5.92
  vertex 20.8 0.51 5.92
 endloop
endfacet
facet normal 0 0 1
 outer loop
  vertex 19.84 -0.51 5.92
  vertex 20.8 0.51 5.92
  vertex 19.84 0.51 5.92
 endloop
endfacet
facet normal 0 -1 0
 outer loop
  vertex 19.84 -0.51 4.96
  vertex 20.8 -0.51 4.96
  vertex 20.8 -0.51 5.92
 endloop
endfacet
facet normal 0 -1 0
 outer loop
  vertex 19.84 -0.51 4.96
  vertex 20.8 -0.51 5.92
  vertex 19.84 -0.51 5.92
 endloop
endfacet
facet normal 0 1 0
 outer loop
  vertex 19.84 0.51 4.96
  vertex 19.84 0.51 5.92
  vertex 20.8 0.51 5.92
 endloop
endfacet
facet normal 0 1 0
 outer loop
  vertex 19.84 0.51 4.96
  vertex 20.8 0.51 5.92
  vertex 20.8 0.51 4.96
 endloop
endfacet
facet normal -1 0 0
 outer loop
  vertex 19.84 -0.51 4.96
  vertex 19.84 -0.51 5.92
  vertex 19.84 0.51 5.92
 endloop
endfacet
facet normal -1 0 0
 outer loop
  vertex 19.84 -0.51 4.96
  vertex 19.84 0.51 5.92
  vertex 19.84 0.51 4.96
 endloop
endfacet
facet normal 1 0 0
 outer loop
  vertex 20.8 -0.51 4.96
  vertex 20.8 0.51 4.96
  vertex 20.8 0.51 5.92
 endloop
endfacet
facet normal 1 0 0
 outer loop
  vertex 20.8 -0.51 4.96
  vertex 20.8 0.51 5.92
  vertex 20.8 -0.51 5.92
 endloop
endfacet
facet normal 0 0 -1
 outer loop
  vertex 19.84 -0.51 3.72
  vertex 19.84 0.51 3.72
  vertex 20.8 0.51 3.72
 endloop
endfacet
facet normal 0 0 -1
 outer loop
  vertex 19.84 -0.51 3.72
  vertex 20.8 0.51 3.72
  vertex 20.8 -0.51 3.72
 endloop
endfacet
facet normal 0 0 1
 outer loop
  vertex 19.84 -0.51 4.68
  vertex 20.8 -0.51 4.68
  vertex 20.8 0.51 4.68
 endloop
endfacet
facet normal 0 0 1
 outer loop
  vertex 19.84 -0.51 4.68
  vertex 20.8 0.51 4.68
  vertex 19.84 0.51 4.68
 endloop
endfacet
facet normal 0 -1 0
 outer loop
  vertex 19.84 -0.51 3.72
  vertex 20.8 -0.51 3.72
  vertex 20.8 -0.51 4.68
 endloop
endfacet
facet normal 0 -1 0
 outer loop
  vertex 19.84 -0.51 3.72
  vertex 20.8 -0.51 4.68
  vertex 19.84 -0.51 4.68
 endloop
endfacet
facet normal 0 1 0
 outer loop
  vertex 19.84 0.51 3.72
  vertex 19.84 0.51 4.68
  vertex 20.8 0.51 4.68
 endloop
endfacet
facet normal 0 1 0
 outer loop
  vertex 19.84 0.51 3.72
  vertex 20.8 0.51 4.68
  vertex 20.8 0.51 3.72
 endloop
endfacet
facet normal -1 0 0
 outer loop
  vertex 19.84 -0.51 3.72
  vertex 19.84 -0.51 4.68
  vertex 19.84 0.51 4.68
 endloop
endfacet
facet normal -1 0 0
 outer loop
  vertex 19.84 -0.51 3.72
  vertex 19.84 0.51 4.68
  vertex 19.84 0.51 3.72
 endloop
endfacet
facet normal 1 0 0
 outer loop
  vertex 20.8 -0.51 3.72
  vertex 20.8 0.51 3.72
  vertex 20.8 0.51 4.68
 endloop
endfacet
facet normal 1 0 0
 outer loop
  vertex 20.8 -0.51 3.72
  vertex 20.8 0.51 4.68
  vertex 20.8 -0.51 4.68
 endloop
endfacet
facet normal 0 0 -1
 outer loop
  vertex 24.8 -0.67 4.96
  vertex 24.8 0.67 4.96
  vertex 25.76 0.67 4.96
 endloop
endfacet
facet normal 0 0 -1
 outer loop
  vertex 24.8 -0.67 4.96
  vertex 25.76 0.67 4.96
  vertex 25.76 -0.67 4.96
 endloop
endfacet
facet normal 0 0 1
 outer loop
  vertex 24.8 -0.67 5.92
  vertex 25.76 -0.67 5.92
  vertex 25.76 0.67 5.92
 endloop
endfacet
facet normal 0 0 1
 outer loop
  vertex 24.8 -0.67 5.92
  vertex 25.76 0.67 5.92
  vertex 24.8 0.67 5.92
 endloop
endfacet
facet normal 0 -1 0
 outer loop
  vertex 24.8 -0.67 4.96
  vertex 25.76 -0.67 4.96
  vertex 25.76 -0.67 5.92
 endloop
endfacet
facet normal 0 -1 0
 outer loop
  vertex 24.8 -0.67 4.96
  vertex 25.76 -0.67 5.92
  vertex 24.8 -0.67 5.92
 endloop
endfacet
facet normal 0 1 0
 outer loop
  vertex 24.8 0.67 4.96
  vertex 24.8 0.67 5.92
  vertex 25.76 0.67 5.92
 endloop
endfacet
facet normal 0 1 0
 outer loop
  vertex 24.8 0.67 4.96
  vertex 25.76 0.67 5.92
  vertex 25.76 0.67 4.96
 endloop
endfacet
facet normal -1 0 0
 outer loop
  vertex 24.8 -0.67 4.96
  vertex 24.8 -0.67 5.92
  vertex 24.8 0.67 5.92
 endloop
endfacet
facet normal -1 0 0
 outer loop
  vertex 24.8 -0.67 4.96
  vertex 24.8 0.67 5.92
  vertex 24.8 0.67 4.96
 endloop
endfacet
facet normal 1 0 0
 outer loop
  vertex 25.76 -0.67 4.96
  vertex 25.76 0.67 4.96
  vertex 25.76 0.67 5.92
 endloop
endfacet
facet normal 1 0 0
 outer loop
  vertex 25.76 -0.67 4.96
  vertex 25.76 0.67 5.92
  vertex 25.76 -0.67 5.92
 endloop
endfacet
facet normal 0 0 -1
 outer loop
  vertex 24.8 -0.67 3.72
  vertex 24.8 0.67 3.72
  vertex 25.76 0.67 3.72
 endloop
endfacet
facet normal 0 0 -1
 outer loop
  vertex 24.8 -0.67 3.72
  vertex 25.76 0.67 3.72
  vertex 25.76 -0.67 3.72
 endloop
endfacet
facet normal 0 0 1
 outer loop
  vertex 24.8 -0.67 4.68
  vertex 25.76 -0.67 4.68
  vertex 25.76 0.67 4.68
 endloop
endfacet
facet normal 0 0 1
 outer loop
  vertex 24.8 -0.67 4.68
  vertex 25.76 0.67 4.68
  vertex 24.8 0.67 4.68
 endloop
endfacet
facet normal 0 -1 0
 outer loop
  vertex 24.8 -0.67 3.72
  vertex 25.76 -0.67 3.72
  vertex 25.76 -0.67 4.68
 endloop
endfacet
facet normal 0 -1 0
 outer loop
  vertex 24.8 -0.67 3.72
  vertex 25.76 -0.67 4.68
  vertex 24.8 -0.67 4.68
 endloop
endfacet
facet normal 0 1 0
 outer loop
  vertex 24.8 0.67 3.72
  vertex 24.8 0.67 4.68
  vertex 25.76 0.67 4.68
 endloop
endfacet
facet normal 0 1 0
 outer loop
  vertex 24.8 0.67 3.72
  vertex 25.76 0.67 4.68
  vertex 25.76 0.67 3.72
 endloop
endfacet
facet normal -1 0 0
 outer loop
  vertex 24.8 -0.67 3.72
  vertex 24.8 -0.67 4.68
  vertex 24.8 0.67 4.68
 endloop
endfacet
facet normal -1 0 0
 outer loop
  vertex 24.8 -0.67 3.72
  vertex 24.8 0.67 4.68
  vertex 24.8 0.67 3.72
 endloop
endfacet
facet normal 1 0 0
 outer loop
  vertex 25.76 -0.67 3.72
  vertex 25.76 0.67 3.72
  vertex 25.76 0.67 4.68
 endloop
endfacet
facet normal 1 0 0
 outer loop
  vertex 25.76 -0.67 3.72
  vertex 25.76 0.67 4.68
  vertex 25.76 -0.67 4.68
 endloop
endfacet
facet normal 0 0 -1
 outer loop
  vertex 26.04 -0.67 6.2
  vertex 26.04 0.67 6.2
  vertex 27 0.67 6.2
 endloop
endfacet
facet normal 0 0 -1
 outer loop
  vertex 26.04 -0.67 6.2
  vertex 27 0.67 6.2
  vertex 27 -0.67 6.2
 endloop
endfacet
facet normal 0 0 1
 outer loop
  vertex 26.04 -0.67 7.16
  vertex 27 -0.67 7.16
  vertex 27 0.67 7.16
 endloop
endfacet
facet normal 0 0 1
 outer loop
  vertex 26.04 -0.67 7.16
  vertex 27 0.67 7.16
  vertex 26.04 0.67 7.16
 endloop
endfacet
facet normal 0 -1 0
 outer loop
  vertex 26.04 -0.67 6.2
  vertex 27 -0.67 6.2
  vertex 27 -0.67 7.16
 endloop
endfacet
facet normal 0 -1 0
 outer loop
  vertex 26.04 -0.67 6.2
  vertex 27 -0.67 7.16
  vertex 26.04 -0.67 7.16
 endloop
endfacet
facet normal 0 1 0
 outer loop
  vertex 26.04 0.67 6.2
  vertex 26.04 0.67 7.16
  vertex 27 0.67 7.16
 endloop
endfacet
facet normal 0 1 0
 outer loop
  vertex 26.04 0.67 6.2
  vertex 27 0.67 7.16
  vertex 27 0.67 6.2
 endloop
endfacet
facet normal -1 0 0
 outer loop
  vertex 26.04 -0.67 6.2
  vertex 26.04 -0.67 7.16
  vertex 26.04 0.67 7.16
 endloop
endfacet
facet normal -1 0 0
 outer loop
  vertex 26.04 -0.67 6.2
  vertex 26.04 0.67 7.16
  vertex 26.04 0.67 6.2
 endloop
endfacet
facet normal 1 0 0
 outer loop
  vertex 27 -0.67 6.2
  vertex 27 0.67 6.2
  vertex 27 0.67 7.16
 endloop
endfacet
facet normal 1 0 0
 outer loop
  vertex 27 -0.67 6.2
  vertex 27 0.67 7.16
  vertex 27 -0.67 7.16
 endloop
endfacet
facet normal 0 0 -1
 outer loop
  vertex 26.04 -0.67 4.96
  vertex 26.04 0.67 4.96
  vertex 27 0.67 4.96
 endloop
endfacet
facet normal 0 0 -1
 outer loop
  vertex 26.04 -0.67 4.96
  vertex 27 0.67 4.96
  vertex 27 -0.67 4.96
 endloop
endfacet
facet normal 0 0 1
 outer loop
  vertex 26.04 -0.67 5.92
  vertex 27 -0.67 5.92
  vertex 27 0.67 5.92
 endloop
endfacet
facet normal 0 0 1
 outer loop
  vertex 26.04 -0.67 5.92
  vertex 27 0.67 5.92
  vertex 26.04 0.67 5.92
 endloop
endfacet
facet normal 0 -1 0
 outer loop
  vertex 26.04 -0.67 4.96
  vertex 27 -0.67 4.96
  vertex 27 -0.67 5.92
 endloop
endfacet
facet normal 0 -1 0
 outer loop
  vertex 26.04 -0.67 4.96
  vertex 27 -0.67 5.92
  vertex 26.04 -0.67 5.92
 endloop
endfacet
facet normal 0 1 0
 outer loop
  vertex 26.04 0.67 4.96
  vertex 26.04 0.67 5.92
  vertex 27 0.67 5.92
 endloop
endfacet
facet normal 0 1 0
 outer loop
  vertex 26.04 0.67 4.96
  vertex 27 0.67 5.92
  vertex 27 0.67 4.96
 endloop
endfacet
facet normal -1 0 0
 outer loop
  vertex 26.04 -0.67 4.96
  vertex 26.04 -0.67 5.92
  vertex 26.04 0.67 5.92
 endloop
endfacet
facet normal -1 0 0
 outer loop
  vertex 26.04 -0.67 4.96
  vertex 26.04 0.67 5.92
  vertex 26.04 0.67 4.96
 endloop
endfacet
facet normal 1 0 0
 outer loop
  vertex 27 -0.67 4.96
  vertex 27 0.67 4.96
  vertex 27 0.67 5.92
 endloop
endfacet
facet normal 1 0 0
 outer loop
  vertex 27 -0.67 4.96
  vertex 27 0.67 5.92
  vertex 27 -0.67 5.92
 endloop
endfacet
facet normal 0 0 -1
 outer loop
  vertex 26.04 -0.67 3.72
  vertex 26.04 0.67 3.72
  vertex 27 0.67 3.72
 endloop
endfacet
facet normal 0 0 -1
 outer loop
  vertex 26.04 -0.67 3.72
  vertex 27 0.67 3.72
  vertex 27 -0.67 3.72
 endloop
endfacet
facet normal 0 0 1
 outer loop
  vertex 26.04 -0.67 4.68
  vertex 27 -0.67 4.68
  vertex 27 0.67 4.68
 endloop
endfacet
facet normal 0 0 1
 outer loop
  vertex 26.04 -0.67 4.68
  vertex 27 0.67 4.68
  vertex 26.04 0.67 4.68
 endloop
endfacet
facet normal 0 -1 0
 outer loop
  vertex 26.04 -0.67 3.72
  vertex 27 -0.67 3.72
  vertex 27 -0.67 4.68
 endloop
endfacet
facet normal 0 -1 0
 outer loop
  vertex 26.04 -0.67 3.72
  vertex 27 -0.67 4.68
  vertex 26.04 -0.67 4.68
 endloop
endfacet
facet normal 0 1 0
 outer loop
  vertex 26.04 0.67 3.72
  vertex 26.04 0.67 4.68
  vertex 27 0.67 4.68
 endloop
endfacet
facet normal 0 1 0
 outer loop
  vertex 26.04 0.67 3.72
  vertex 27 0.67 4.68
  vertex 27 0.67 3.72
 endloop
endfacet
facet normal -1 0 0
 outer loop
  vertex 26.04 -0.67 3.72
  vertex 26.04 -0.67 4.68
  vertex 26.04 0.67 4.68
 endloop
endfacet
facet normal -1 0 0
 outer loop
  vertex 26.04 -0.67 3.72
  vertex 26.04 0.67 4.68
  vertex 26.04 0.67 3.72
 endloop
endfacet
facet normal 1 0 0
 outer loop
  vertex 27 -0.67 3.72
  vertex 27 0.67 3.72
  vertex 27 0.67 4.68
 endloop
endfacet
facet normal 1 0 0
 outer loop
  vertex 27 -0.67 3.72
  vertex 27 0.67 4.68
  vertex 27 -0.67 4.68
 endloop
endfacet
facet normal 0 0 -1
 outer loop
  vertex 26.04 -0.67 2.48
  vertex 26.04 0.67 2.48
  vertex 27 0.67 2.48
 endloop
endfacet
facet normal 0 0 -1
 outer loop
  vertex 26.04 -0.67 2.48
  vertex 27 0.67 2.48
  vertex 27 -0.67 2.48
 endloop
endfacet
facet normal 0 0 1
 outer loop
  vertex 26.04 -0.67 3.44
  vertex 27 -0.67 3.44
  vertex 27 0.67 3.44
 endloop
endfacet
facet normal 0 0 1
 outer loop
  vertex 26.04 -0.67 3.44
  vertex 27 0.67 3.44
  vertex 26.04 0.67 3.44
 endloop
endfacet
facet normal 0 -1 0
 outer loop
  vertex 26.04 -0.67 2.48
  vertex 27 -0.67 2.48
  vertex 27 -0.67 3.44
 endloop
endfacet
facet normal 0 -1 0
 outer loop
  vertex 26.04 -0.67 2.48
  vertex 27 -0.67 3.44
  vertex 26.04 -0.67 3.44
 endloop
endfacet
facet normal 0 1 0
 outer loop
  vertex 26.04 0.67 2.48
  vertex 26.04 0.67 3.44
  vertex 27 0.67 3.44
 endloop
endfacet
facet normal 0 1 0
 outer loop
  vertex 26.04 0.67 2.48
  vertex 27 0.67 3.44
  vertex 27 0.67 2.48
 endloop
endfacet
facet normal -1 0 0
 outer loop
  vertex 26.04 -0.67 2.48
  vertex 26.04 -0.67 3.44
  vertex 26.04 0.67 3.44
 endloop
endfacet
facet normal -1 0 0
 outer loop
  vertex 26.04 -0.67 2.48
  vertex 26.04 0.67 3.44
  vertex 26.04 0.67 2.48
 endloop
endfacet
facet normal 1 0 0
 outer loop
  vertex 27 -0.67 2.48
  vertex 27 0.67 2.48
  vertex 27 0.67 3.44
 endloop
endfacet
facet normal 1 0 0
 outer loop
  vertex 27 -0.67 2.48
  vertex 27 0.67 3.44
  vertex 27 -0.67 3.44
 endloop
endfacet
facet normal 0 0 -1
 outer loop
  vertex 27.28 -0.67 6.2
  vertex 27.28 0.67 6.2
  vertex 28.24 0.67 6.2
 endloop
endfacet
facet normal 0 0 -1
 outer loop
  vertex 27.28 -0.67 6.2
  vertex 28.24 0.67 6.2
  vertex 28.24 -0.67 6.2
 endloop
endfacet
facet normal 0 0 1
 outer loop
  vertex 27.28 -0.67 7.16
  vertex 28.24 -0.67 7.16
  vertex 28.24 0.67 7.16
 endloop
endfacet
facet normal 0 0 1
 outer loop
  vertex 27.28 -0.67 7.16
  vertex 28.24 0.67 7.16
  vertex 27.28 0.67 7.16
 endloop
endfacet
facet normal 0 -1 0
 outer loop
  vertex 27.28 -0.67 6.2
  vertex 28.24 -0.67 6.2
  vertex 28.24 -0.67 7.16
 endloop
endfacet
facet normal 0 -1 0
 outer loop
  vertex 27.28 -0.67 6.2
  vertex 28.24 -0.67 7.16
  vertex 27.28 -0.67 7.16
 endloop
endfacet
facet normal 0 1 0
 outer loop
  vertex 27.28 0.67 6.2
  vertex 27.28 0.67 7.16
  vertex 28.24 0.67 7.16
 endloop
endfacet
facet normal 0 1 0
 outer loop
  vertex 27.28 0.67 6.2
  vertex 28.24 0.67 7.16
  vertex 28.24 0.67 6.2
 endloop
endfacet
facet normal -1 0 0
 outer loop
  vertex 27.28 -0.67 6.2
  vertex 27.28 -0.67 7.16
  vertex 27.28 0.67 7.16
 endloop
endfacet
facet normal -1 0 0
 outer loop
  vertex 27.28 -0.67 6.2
  vertex 27.28 0.67 7.16
  vertex 27.28 0.67 6.2
 endloop
endfacet
facet normal 1 0 0
 outer loop
  vertex 28.24 -0.67 6.2
  vertex 28.24 0.67 6.2
  vertex 28.24 0.67 7.16
 endloop
endfacet
facet normal 1 0 0
 outer loop
  vertex 28.24 -0.67 6.2
  vertex 28.24 0.67 7.16
  vertex 28.24 -0.67 7.16
 endloop
endfacet
facet normal 0 0 -1
 outer loop
  vertex 27.28 -0.67 4.96
  vertex 27.28 0.67 4.96
  vertex 28.24 0.67 4.96
 endloop
endfacet
facet normal 0 0 -1
 outer loop
  vertex 27.28 -0.67 4.96
  vertex 28.24 0.67 4.96
  vertex 28.24 -0.67 4.96
 endloop
endfacet
facet normal 0 0 1
 outer loop
  vertex 27.28 -0.67 5.92
  vertex 28.24 -0.67 5.92
  vertex 28.24 0.67 5.92
 endloop
endfacet
facet normal 0 0 1
 outer loop
  vertex 27.28 -0.67 5.92
  vertex 28.24 0.67 5.92
  vertex 27.28 0.67 5.92
 endloop
endfacet
facet normal 0 -1 0
 outer loop
  vertex 27.28 -0.67 4.96
  vertex 28.24 -0.67 4.96
  vertex 28.24 -0.67 5.92
 endloop
endfacet
facet normal 0 -1 0
 outer loop
  vertex 27.28 -0.67 4.96
  vertex 28.24 -0.67 5.92
  vertex 27.28 -0.67 5.92
 endloop
endfacet
facet normal 0 1 0
 outer loop
  vertex 27.28 0.67 4.96
  vertex 27.28 0.67 5.92
  vertex 28.24 0.67 5.92
 endloop
endfacet
facet normal 0 1 0
 outer loop
  vertex 27.28 0.67 4.96
  vertex 28.24 0.67 5.92
  vertex 28.24 0.67 4.96
 endloop
endfacet
facet normal -1 0 0
 outer loop
  vertex 27.28 -0.67 4.96
  vertex 27.28 -0.67 5.92
  vertex 27.28 0.67 5.92
 endloop
endfacet
facet normal -1 0 0
 outer loop
  vertex 27.28 -0.67 4.96
  vertex 27.28 0.67 5.92
  vertex 27.28 0.67 4.96
 endloop
endfacet
facet normal 1 0 0
 outer loop
  vertex 28.24 -0.67 4.96
  vertex 28.24 0.67 4.96
  vertex 28.24 0.67 5.92
 endloop
endfacet
facet normal 1 0 0
 outer loop
  vertex 28.24 -0.67 4.96
  vertex 28.24 0.67 5.92
  vertex 28.24 -0.67 5.92
 endloop
endfacet
facet normal 0 0 -1
 outer loop
  vertex 27.28 -0.67 3.72
  vertex 27.28 0.67 3.72
  vertex 28.24 0.67 3.72
 endloop
endfacet
facet normal 0 0 -1
 outer loop
  vertex 27.28 -0.67 3.72
  vertex 28.24 0.67 3.72
  vertex 28.24 -0.67 3.72
 endloop
endfacet
facet normal 0 0 1
 outer loop
  vertex 27.28 -0.67 4.68
  vertex 28.24 -0.67 4.68
  vertex 28.24 0.67 4.68
 endloop
endfacet
facet normal 0 0 1
 outer loop
  vertex 27.28 -0.67 4.68
  vertex 28.24 0.67 4.68
  vertex 27.28 0.67 4.68
 endloop
endfacet
facet normal 0 -1 0
 outer loop
  vertex 27.28 -0.67 3.72
  vertex 28.24 -0.67 3.72
  vertex 28.24 -0.67 4.68
 endloop
endfacet
facet normal 0 -1 0
 outer loop
  vertex 27.28 -0.67 3.72
  vertex 28.24 -0.67 4.68
  vertex 27.28 -0.67 4.68
 endloop
endfacet
facet normal 0 1 0
 outer loop
  vertex 27.28 0.67 3.72
  vertex 27.28 0.67 4.68
  vertex 28.24 0.67 4.68
 endloop
endfacet
facet normal 0 1 0
 outer loop
  vertex 27.28 0.67 3.72
  vertex 28.24 0.67 4.68
  vertex 28.24 0.67 3.72
 endloop
endfacet
facet normal -1 0 0
 outer loop
  vertex 27.28 -0.67 3.72
  vertex 27.28 -0.67 4.68
  vertex 27.28 0.67 4.68
 endloop
endfacet
facet normal -1 0 0
 outer loop
  vertex 27.28 -0.67 3.72
  vertex 27.28 0.67 4.68
  vertex 27.28 0.67 3.72
 endloop
endfacet
facet normal 1 0 0
 outer loop
  vertex 28.24 -0.67 3.72
  vertex 28.24 0.67 3.72
  vertex 28.24 0.67 4.68
 endloop
endfacet
facet normal 1 0 0
 outer loop
  vertex 28.24 -0.67 3.72
  vertex 28.24 0.67 4.68
  vertex 28.24 -0.67 4.68
 endloop
endfacet
facet normal 0 0 -1
 outer loop
  vertex 27.28 -0.67 2.48
  vertex 27.28 0.67 2.48
  vertex 28.24 0.67 2.48
 endloop
endfacet
facet normal 0 0 -1
 outer loop
  vertex 27.28 -0.67 2.48
  vertex 28.24 0.67 2.48
  vertex 28.24 -0.67 2.48
 endloop
endfacet
facet normal 0 0 1
 outer loop
  vertex 27.28 -0.67 3.44
  vertex 28.24 -0.67 3.44
  vertex 28.24 0.67 3.44
 endloop
endfacet
facet normal 0 0 1
 outer loop
  vertex 27.28 -0.67 3.44
  vertex 28.24 0.67 3.44
  vertex 27.28 0.67 3.44
 endloop
endfacet
facet normal 0 -1 0
 outer loop
  vertex 27.28 -0.67 2.48
  vertex 28.24 -0.67 2.48
  vertex 28.24 -0.67 3.44
 endloop
endfacet
facet normal 0 -1 0
 outer loop
  vertex 27.28 -0.67 2.48
  vertex 28.24 -0.67 3.44
  vertex 27.28 -0.67 3.44
 endloop
endfacet
facet normal 0 1 0
 outer loop
  vertex 27.28 0.67 2.48
  vertex 27.28 0.67 3.44
  vertex 28.24 0.67 3.44
 endloop
endfacet
facet normal 0 1 0
 outer loop
  vertex 27.28 0.67 2.48
  vertex 28.24 0.67 3.44
  vertex 28.24 0.67 2.48
 endloop
endfacet
facet normal -1 0 0
 outer loop
  vertex 27.28 -0.67 2.48
  vertex 27.28 -0.67 3.44
  vertex 27.28 0.67 3.44
 endloop
endfacet
facet normal -1 0 0
 outer loop
  vertex 27.28 -0.67 2.48
  vertex 27.28 0.67 3.44
  vertex 27.28 0.67 2.48
 endloop
endfacet
facet normal 1 0 0
 outer loop
  vertex 28.24 -0.67 2.48
  vertex 28.24 0.67 2.48
  vertex 28.24 0.67 3.44
 endloop
endfacet
facet normal 1 0 0
 outer loop
  vertex 28.24 -0.67 2.48
  vertex 28.24 0.67 3.44
  vertex 28.24 -0.67 3.44
 endloop
endfacet
facet normal 0 0 -1
 outer loop
  vertex 27.28 -0.67 1.24
  vertex 27.28 0.67 1.24
  vertex 28.24 0.67 1.24
 endloop
endfacet
facet normal 0 0 -1
 outer loop
  vertex 27.28 -0.67 1.24
  vertex 28.24 0.67 1.24
  vertex 28.24 -0.67 1.24
 endloop
endfacet
facet normal 0 0 1
 outer loop
  vertex 27.28 -0.67 2.2
  vertex 28.24 -0.67 2.2
  vertex 28.24 0.67 2.2
 endloop
endfacet
facet normal 0 0 1
 outer loop
  vertex 27.28 -0.67 2.2
  vertex 28.24 0.67 2.2
  vertex 27.28 0.67 2.2
 endloop
endfacet
facet normal 0 -1 0
 outer loop
  vertex 27.28 -0.67 1.24
  vertex 28.24 -0.67 1.24
  vertex 28.24 -0.67 2.2
 endloop
endfacet
facet normal 0 -1 0
 outer loop
  vertex 27.28 -0.67 1.24
  vertex 28.24 -0.67 2.2
  vertex 27.28 -0.67 2.2
 endloop
endfacet
facet normal 0 1 0
 outer loop
  vertex 27.28 0.67 1.24
  vertex 27.28 0.67 2.2
  vertex 28.24 0.67 2.2
 endloop
endfacet
facet normal 0 1 0
 outer loop
  vertex 27.28 0.67 1.24
  vertex 28.24 0.67 2.2
  vertex 28.24 0.67 1.24
 endloop
endfacet
facet normal -1 0 0
 outer loop
  vertex 27.28 -0.67 1.24
  vertex 27.28 -0.67 2.2
  vertex 27.28 0.67 2.2
 endloop
endfacet
facet normal -1 0 0
 outer loop
  vertex 27.28 -0.67 1.24
  vertex 27.28 0.67 2.2
  vertex 27.28 0.67 1.24
 endloop
endfacet
facet normal 1 0 0
 outer loop
  vertex 28.24 -0.67 1.24
  vertex 28.24 0.67 1.24
  vertex 28.24 0.67 2.2
 endloop
endfacet
facet normal 1 0 0
 outer loop
  vertex 28.24 -0.67 1.24
  vertex 28.24 0.67 2.2
  vertex 28.24 -0.67 2.2
 endloop
endfacet
facet normal 0 0 -1
 outer loop
  vertex 28.52 -0.67 4.96
  vertex 28.52 0.67 4.96
  vertex 29.48 0.67 4.96
 endloop
endfacet
facet normal 0 0 -1
 outer loop
  vertex 28.52 -0.67 4.96
  vertex 29.48 0.67 4.96
  vertex 29.48 -0.67 4.96
 endloop
endfacet
facet normal 0 0 1
 outer loop
  vertex 28.52 -0.67 5.92
  vertex 29.48 -0.67 5.92
  vertex 29.48 0.67 5.92
 endloop
endfacet
facet normal 0 0 1
 outer loop
  vertex 28.52 -0.67 5.92
  vertex 29.48 0.67 5.92
  vertex 28.52 0.67 5.92
 endloop
endfacet
facet normal 0 -1 0
 outer loop
  vertex 28.52 -0.67 4.96
  vertex 29.48 -0.67 4.96
  vertex 29.48 -0.67 5.92
 endloop
endfacet
facet normal 0 -1 0
 outer loop
  vertex 28.52 -0.67 4.96
  vertex 29.48 -0.67 5.92
  vertex 28.52 -0.67 5.92
 endloop
endfacet
facet normal 0 1 0
 outer loop
  vertex 28.52 0.67 4.96
  vertex 28.52 0.67 5.92
  vertex 29.48 0.67 5.92
 endloop
endfacet
facet normal 0 1 0
 outer loop
  vertex 28.52 0.67 4.96
  vertex 29.48 0.67 5.92
  vertex 29.48 0.67 4.96
 endloop
endfacet
facet normal -1 0 0
 outer loop
  vertex 28.52 -0.67 4.96
  vertex 28.52 -0.67 5.92
  vertex 28.52 0.67 5.92
 endloop
endfacet
facet normal -1 0 0
 outer loop
  vertex 28.52 -0.67 4.96
  vertex 28.52 0.67 5.92
  vertex 28.52 0.67 4.96
 endloop
endfacet
facet normal 1 0 0
 outer loop
  vertex 29.48 -0.67 4.96
  vertex 29.48 0.67 4.96
  vertex 29.48 0.67 5.92
 endloop
endfacet
facet normal 1 0 0
 outer loop
  vertex 29.48 -0.67 4.96
  vertex 29.48 0.67 5.92
  vertex 29.48 -0.67 5.92
 endloop
endfacet
facet normal 0 0 -1
 outer loop
  vertex 28.52 -0.67 3.72
  vertex 28.52 0.67 3.72
  vertex 29.48 0.67 3.72
 endloop
endfacet
facet normal 0 0 -1
 outer loop
  vertex 28.52 -0.67 3.72
  vertex 29.48 0.67 3.72
  vertex 29.48 -0.67 3.72
 endloop
endfacet
facet normal 0 0 1
 outer loop
  vertex 28.52 -0.67 4.68
  vertex 29.48 -0.67 4.68
  vertex 29.48 0.67 4.68
 endloop
endfacet
facet normal 0 0 1
 outer loop
  vertex 28.52 -0.67 4.68
  vertex 29.48 0.67 4.68
  vertex 28.52 0.67 4.68
 endloop
endfacet
facet normal 0 -1 0
 outer loop
  vertex 28.52 -0.67 3.72
  vertex 29.48 -0.67 3.72
  vertex 29.48 -0.67 4.68
 endloop
endfacet
facet normal 0 -1 0
 outer loop
  vertex 28.52 -0.67 3.72
  vertex 29.48 -0.67 4.68
  vertex 28.52 -0.67 4.68
 endloop
endfacet
facet normal 0 1 0
 outer loop
  vertex 28.52 0.67 3.72
  vertex 28.52 0.67 4.68
  vertex 29.48 0.67 4.68
 endloop
endfacet
facet normal 0 1 0
 outer loop
  vertex 28.52 0.67 3.72
  vertex 29.48 0.67 4.68
  vertex 29.48 0.67 3.72
 endloop
endfacet
facet normal -1 0 0
 outer loop
  vertex 28.52 -0.67 3.72
  vertex 28.52 -0.67 4.68
  vertex 28.52 0.67 4.68
 endloop
endfacet
facet normal -1 0 0
 outer loop
  vertex 28.52 -0.67 3.72
  vertex 28.52 0.67 4.68
  vertex 28.52 0.67 3.72
 endloop
endfacet
facet normal 1 0 0
 outer loop
  vertex 29.48 -0.67 3.72
  vertex 29.48 0.67 3.72
  vertex 29.48 0.67 4.68
 endloop
endfacet
facet normal 1 0 0
 outer loop
  vertex 29.48 -0.67 3.72
  vertex 29.48 0.67 4.68
  vertex 29.48 -0.67 4.68
 endloop
endfacet
facet normal 0 0 -1
 outer loop
  vertex 28.52 -0.67 2.48
  vertex 28.52 0.67 2.48
  vertex 29.48 0.67 2.48
 endloop
endfacet
facet normal 0 0 -1
 outer loop
  vertex 28.52 -0.67 2.48
  vertex 29.48 0.67 2.48
  vertex 29.48 -0.67 2.48
 endloop
endfacet
facet normal 0 0 1
 outer loop
  vertex 28.52 -0.67 3.44
  vertex 29.48 -0.67 3.44
  vertex 29.48 0.67 3.44
 endloop
endfacet
facet normal 0 0 1
 outer loop
  vertex 28.52 -0.67 3.44
  vertex 29.48 0.67 3.44
  vertex 28.52 0.67 3.44
 endloop
endfacet
facet normal 0 -1 0
 outer loop
  vertex 28.52 -0.67 2.48
  vertex 29.48 -0.67 2.48
  vertex 29.48 -0.67 3.44
 endloop
endfacet
facet normal 0 -1 0
 outer loop
  vertex 28.52 -0.67 2.48
  vertex 29.48 -0.67 3.44
  vertex 28.52 -0.67 3.44
 endloop
endfacet
facet normal 0 1 0
 outer loop
  vertex 28.52 0.67 2.48
  vertex 28.52 0.67 3.44
  vertex 29.48 0.67 3.44
 endloop
endfacet
facet normal 0 1 0
 outer loop
  vertex 28.52 0.67 2.48
  vertex 29.48 0.67 3.44
  vertex 29.48 0.67 2.48
 endloop
endfacet
facet normal -1 0 0
 outer loop
  vertex 28.52 -0.67 2.48
  vertex 28.52 -0.67 3.44
  vertex 28.52 0.67 3.44
 endloop
endfacet
facet normal -1 0 0
 outer loop
  vertex 28.52 -0.67 2.48
  vertex 28.52 0.67 3.44
  vertex 28.52 0.67 2.48
 endloop
endfacet
facet normal 1 0 0
 outer loop
  vertex 29.48 -0.67 2.48
  vertex 29.48 0.67 2.48
  vertex 29.48 0.67 3.44
 endloop
endfacet
facet normal 1 0 0
 outer loop
  vertex 29.48 -0.67 2.48
  vertex 29.48 0.67 3.44
  vertex 29.48 -0.67 3.44
 endloop
endfacet
facet normal 0 0 -1
 outer loop
  vertex 28.52 -0.67 1.24
  vertex 28.52 0.67 1.24
  vertex 29.48 0.67 1.24
 endloop
endfacet
facet normal 0 0 -1
 outer loop
  vertex 28.52 -0.67 1.24
  vertex 29.48 0.67 1.24
  vertex 29.48 -0.67 1.24
 endloop
endfacet
facet normal 0 0 1
 outer loop
  vertex 28.52 -0.67 2.2
  vertex 29.48 -0.67 2.2
  vertex 29.48 0.67 2.2
 endloop
endfacet
facet normal 0 0 1
 outer loop
  vertex 28.52 -0.67 2.2
  vertex 29.48 0.67 2.2
  vertex 28.52 0.67 2.2
 endloop
endfacet
facet normal 0 -1 0
 outer loop
  vertex 28.52 -0.67 1.24
  vertex 29.48 -0.67 1.24
  vertex 29.48 -0.67 2.2
 endloop
endfacet
facet normal 0 -1 0
 outer loop
  vertex 28.52 -0.67 1.24
  vertex 29.48 -0.67 2.2
  vertex 28.52 -0.67 2.2
 endloop
endfacet
facet normal 0 1 0
 outer loop
  vertex 28.52 0.67 1.24
  vertex 28.52 0.67 2.2
  vertex 29.48 0.67 2.2
 endloop
endfacet
facet normal 0 1 0
 outer loop
  vertex 28.52 0.67 1.24
  vertex 29.48 0.67 2.2
  vertex 29.48 0.67 1.24
 endloop
endfacet
facet normal -1 0 0
 outer loop
  vertex 28.52 -0.67 1.24
  vertex 28.52 -0.67 2.2
  vertex 28.52 0.67 2.2
 endloop
endfacet
facet normal -1 0 0
 outer loop
  vertex 28.52 -0.67 1.24
  vertex 28.52 0.67 2.2
  vertex 28.52 0.67 1.24
 endloop
endfacet
facet normal 1 0 0
 outer loop
  vertex 29.48 -0.67 1.24
  vertex 29.48 0.67 1.24
  vertex 29.48 0.67 2.2
 endloop
endfacet
facet normal 1 0 0
 outer loop
  vertex 29.48 -0.67 1.24
  vertex 29.48 0.67 2.2
  vertex 29.48 -0.67 2.2
 endloop
endfacet
facet normal 0 0 -1
 outer loop
  vertex 28.52 -0.67 0
  vertex 28.52 0.67 0
  vertex 29.48 0.67 0
 endloop
endfacet
facet normal 0 0 -1
 outer loop
  vertex 28.52 -0.67 0
  vertex 29.48 0.67 0
  vertex 29.48 -0.67 0
 endloop
endfacet
facet normal 0 0 1
 outer loop
  vertex 28.52 -0.67 0.96
  vertex 29.48 -0.67 0.96
  vertex 29.48 0.67 0.96
 endloop
endfacet
facet normal 0 0 1
 outer loop
  vertex 28.52 -0.67 0.96
  vertex 29.48 0.67 0.96
  vertex 28.52 0.67 0.96
 endloop
endfacet
facet normal 0 -1 0
 outer loop
  vertex 28.52 -0.67 0
  vertex 29.48 -0.67 0
  vertex 29.48 -0.67 0.96
 endloop
endfacet
facet normal 0 -1 0
 outer loop
  vertex 28.52 -0.67 0
  vertex 29.48 -0.67 0.96
  vertex 28.52 -0.67 0.96
 endloop
endfacet
facet normal 0 1 0
 outer loop
  vertex 28.52 0.67 0
  vertex 28.52 0.67 0.96
  vertex 29.48 0.67 0.96
 endloop
endfacet
facet normal 0 1 0
 outer loop
  vertex 28.52 0.67 0
  vertex 29.48 0.67 0.96
  vertex 29.48 0.67 0
 endloop
endfacet
facet normal -1 0 0
 outer loop
  vertex 28.52 -0.67 0
  vertex 28.52 -0.67 0.96
  vertex 28.52 0.67 0.96
 endloop
endfacet
facet normal -1 0 0
 outer loop
  vertex 28.52 -0.67 0
  vertex 28.52 0.67 0.96
  vertex 28.52 0.67 0
 endloop
endfacet
facet normal 1 0 0
 outer loop
  vertex 29.48 -0.67 0
  vertex 29.48 0.67 0
  vertex 29.48 0.67 0.96
 endloop
endfacet
facet normal 1 0 0
 outer loop
  vertex 29.48 -0.67 0
  vertex 29.48 0.67 0.96
  vertex 29.48 -0.67 0.96
 endloop
endfacet
facet normal 0 0 -1
 outer loop
  vertex 29.76 -0.67 6.2
  vertex 29.76 0.67 6.2
  vertex 30.72 0.67 6.2
 endloop
endfacet
facet normal 0 0 -1
 outer loop
  vertex 29.76 -0.67 6.2
  vertex 30.72 0.67 6.2
  vertex 30.72 -0.67 6.2
 endloop
endfacet
facet normal 0 0 1
 outer loop
  vertex 29.76 -0.67 7.16
  vertex 30.72 -0.67 7.16
  vertex 30.72 0.67 7.16
 endloop
endfacet
facet normal 0 0 1
 outer loop
  vertex 29.76 -0.67 7.16
  vertex 30.72 0.67 7.16
  vertex 29.76 0.67 7.16
 endloop
endfacet
facet normal 0 -1 0
 outer loop
  vertex 29.76 -0.67 6.2
  vertex 30.72 -0.67 6.2
  vertex 30.72 -0.67 7.16
 endloop
endfacet
facet normal 0 -1 0
 outer loop
  vertex 29.76 -0.67 6.2
  vertex 30.72 -0.67 7.16
  vertex 29.76 -0.67 7.16
 endloop
endfacet
facet normal 0 1 0
 outer loop
  vertex 29.76 0.67 6.2
  vertex 29.76 0.67 7.16
  vertex 30.72 0.67 7.16
 endloop
endfacet
facet normal 0 1 0
 outer loop
  vertex 29.76 0.67 6.2
  vertex 30.72 0.67 7.16
  vertex 30.72 0.67 6.2
 endloop
endfacet
facet normal -1 0 0
 outer loop
  vertex 29.76 -0.67 6.2
  vertex 29.76 -0.67 7.16
  vertex 29.76 0.67 7.16
 endloop
endfacet
facet normal -1 0 0
 outer loop
  vertex 29.76 -0.67 6.2
  vertex 29.76 0.67 7.16
  vertex 29.76 0.67 6.2
 endloop
endfacet
facet normal 1 0 0
 outer loop
  vertex 30.72 -0.67 6.2
  vertex 30.72 0.67 6.2
  vertex 30.72 0.67 7.16
 endloop
endfacet
facet normal 1 0 0
 outer loop
  vertex 30.72 -0.67 6.2
  vertex 30.72 0.67 7.16
  vertex 30.72 -0.67 7.16
 endloop
endfacet
facet normal 0 0 -1
 outer loop
  vertex 29.76 -0.67 4.96
  vertex 29.76 0.67 4.96
  vertex 30.72 0.67 4.96
 endloop
endfacet
facet normal 0 0 -1
 outer loop
  vertex 29.76 -0.67 4.96
  vertex 30.72 0.67 4.96
  vertex 30.72 -0.67 4.96
 endloop
endfacet
facet normal 0 0 1
 outer loop
  vertex 29.76 -0.67 5.92
  vertex 30.72 -0.67 5.92
  vertex 30.72 0.67 5.92
 endloop
endfacet
facet normal 0 0 1
 outer loop
  vertex 29.76 -0.67 5.92
  vertex 30.72 0.67 5.92
  vertex 29.76 0.67 5.92
 endloop
endfacet
facet normal 0 -1 0
 outer loop
  vertex 29.76 -0.67 4.96
  vertex 30.72 -0.67 4.96
  vertex 30.72 -0.67 5.92
 endloop
endfacet
facet normal 0 -1 0
 outer loop
  vertex 29.76 -0.67 4.96
  vertex 30.72 -0.67 5.92
  vertex 29.76 -0.67 5.92
 endloop
endfacet
facet normal 0 1 0
 outer loop
  vertex 29.76 0.67 4.96
  vertex 29.76 0.67 5.92
  vertex 30.72 0.67 5.92
 endloop
endfacet
facet normal 0 1 0
 outer loop
  vertex 29.76 0.67 4.96
  vertex 30.72 0.67 5.92
  vertex 30.72 0.67 4.96
 endloop
endfacet
facet normal -1 0 0
 outer loop
  vertex 29.76 -0.67 4.96
  vertex 29.76 -0.67 5.92
  vertex 29.76 0.67 5.92
 endloop
endfacet
facet normal -1 0 0
 outer loop
  vertex 29.76 -0.67 4.96
  vertex 29.76 0.67 5.92
  vertex 29.76 0.67 4.96
 endloop
endfacet
facet normal 1 0 0
 outer loop
  vertex 30.72 -0.67 4.96
  vertex 30.72 0.67 4.96
  vertex 30.72 0.67 5.92
 endloop
endfacet
facet normal 1 0 0
 outer loop
  vertex 30.72 -0.67 4.96
  vertex 30.72 0.67 5.92
  vertex 30.72 -0.67 5.92
 endloop
endfacet
facet normal 0 0 -1
 outer loop
  vertex 29.76 -0.67 3.72
  vertex 29.76 0.67 3.72
  vertex 30.72 0.67 3.72
 endloop
endfacet
facet normal 0 0 -1
 outer loop
  vertex 29.76 -0.67 3.72
  vertex 30.72 0.67 3.72
  vertex 30.72 -0.67 3.72
 endloop
endfacet
facet normal 0 0 1
 outer loop
  vertex 29.76 -0.67 4.68
  vertex 30.72 -0.67 4.68
  vertex 30.72 0.67 4.68
 endloop
endfacet
facet normal 0 0 1
 outer loop
  vertex 29.76 -0.67 4.68
  vertex 30.72 0.67 4.68
  vertex 29.76 0.67 4.68
 endloop
endfacet
facet normal 0 -1 0
 outer loop
  vertex 29.76 -0.67 3.72
  vertex 30.72 -0.67 3.72
  vertex 30.72 -0.67 4.68
 endloop
endfacet
facet normal 0 -1 0
 outer loop
  vertex 29.76 -0.67 3.72
  vertex 30.72 -0.67 4.68
  vertex 29.76 -0.67 4.68
 endloop
endfacet
facet normal 0 1 0
 outer loop
  vertex 29.76 0.67 3.72
  vertex 29.76 0.67 4.68
  vertex 30.72 0.67 4.68
 endloop
endfacet
facet normal 0 1 0
 outer loop
  vertex 29.76 0.67 3.72
  vertex 30.72 0.67 4.68
  vertex 30.72 0.67 3.72
 endloop
endfacet
facet normal -1 0 0
 outer loop
  vertex 29.76 -0.67 3.72
  vertex 29.76 -0.67 4.68
  vertex 29.76 0.67 4.68
 endloop
endfacet
facet normal -1 0 0
 outer loop
  vertex 29.76 -0.67 3.72
  vertex 29.76 0.67 4.68
  vertex 29.76 0.67 3.72
 endloop
endfacet
facet normal 1 0 0
 outer loop
  vertex 30.72 -0.67 3.72
  vertex 30.72 0.67 3.72
  vertex 30.72 0.67 4.68
 endloop
endfacet
facet normal 1 0 0
 outer loop
  vertex 30.72 -0.67 3.72
  vertex 30.72 0.67 4.68
  vertex 30.72 -0.67 4.68
 endloop
endfacet
facet normal 0 0 -1
 outer loop
  vertex 29.76 -0.67 2.48
  vertex 29.76 0.67 2.48
  vertex 30.72 0.67 2.48
 endloop
endfacet
facet normal 0 0 -1
 outer loop
  vertex 29.76 -0.67 2.48
  vertex 30.72 0.67 2.48
  vertex 30.72 -0.67 2.48
 endloop
endfacet
facet normal 0 0 1
 outer loop
  vertex 29.76 -0.67 3.44
  vertex 30.72 -0.67 3.44
  vertex 30.72 0.67 3.44
 endloop
endfacet
facet normal 0 0 1
 outer loop
  vertex 29.76 -0.67 3.44
  vertex 30.72 0.67 3.44
  vertex 29.76 0.67 3.44
 endloop
endfacet
facet normal 0 -1 0
 outer loop
  vertex 29.76 -0.67 2.48
  vertex 30.72 -0.67 2.48
  vertex 30.72 -0.67 3.44
 endloop
endfacet
facet normal 0 -1 0
 outer loop
  vertex 29.76 -0.67 2.48
  vertex 30.72 -0.67 3.44
  vertex 29.76 -0.67 3.44
 endloop
endfacet
facet normal 0 1 0
 outer loop
  vertex 29.76 0.67 2.48
  vertex 29.76 0.67 3.44
  vertex 30.72 0.67 3.44
 endloop
endfacet
facet normal 0 1 0
 outer loop
  vertex 29.76 0.67 2.48
  vertex 30.72 0.67 3.44
  vertex 30.72 0.67 2.48
 endloop
endfacet
facet normal -1 0 0
 outer loop
  vertex 29.76 -0.67 2.48
  vertex 29.76 -0.67 3.44
  vertex 29.76 0.67 3.44
 endloop
endfacet
facet normal -1 0 0
 outer loop
  vertex 29.76 -0.67 2.48
  vertex 29.76 0.67 3.44
  vertex 29.76 0.67 2.48
 endloop
endfacet
facet normal 1 0 0
 outer loop
  vertex 30.72 -0.67 2.48
  vertex 30.72 0.67 2.48
  vertex 30.72 0.67 3.44
 endloop
endfacet
facet normal 1 0 0
 outer loop
  vertex 30.72 -0.67 2.48
  vertex 30.72 0.67 3.44
  vertex 30.72 -0.67 3.44
 endloop
endfacet
facet normal 0 0 -1
 outer loop
  vertex 29.76 -0.67 1.24
  vertex 29.76 0.67 1.24
  vertex 30.72 0.67 1.24
 endloop
endfacet
facet normal 0 0 -1
 outer loop
  vertex 29.76 -0.67 1.24
  vertex 30.72 0.67 1.24
  vertex 30.72 -0.67 1.24
 endloop
endfacet
facet normal 0 0 1
 outer loop
  vertex 29.76 -0.67 2.2
  vertex 30.72 -0.67 2.2
  vertex 30.72 0.67 2.2
 endloop
endfacet
facet normal 0 0 1
 outer loop
  vertex 29.76 -0.67 2.2
  vertex 30.72 0.67 2.2
  vertex 29.76 0.67 2.2
 endloop
endfacet
facet normal 0 -1 0
 outer loop
  vertex 29.76 -0.67 1.24
  vertex 30.72 -0.67 1.24
  vertex 30.72 -0.67 2.2
 endloop
endfacet
facet normal 0 -1 0
 outer loop
  vertex 29.76 -0.67 1.24
  vertex 30.72 -0.67 2.2
  vertex 29.76 -0.67 2.2
 endloop
endfacet
facet normal 0 1 0
 outer loop
  vertex 29.76 0.67 1.24
  vertex 29.76 0.67 2.2
  vertex 30.72 0.67 2.2
 endloop
endfacet
facet normal 0 1 0
 outer loop
  vertex 29.76 0.67 1.24
  vertex 30.72 0.67 2.2
  vertex 30.72 0.67 1.24
 endloop
endfacet
facet normal -1 0 0
 outer loop
  vertex 29.76 -0.67 1.24
  vertex 29.76 -0.67 2.2
  vertex 29.76 0.67 2.2
 endloop
endfacet
facet normal -1 0 0
 outer loop
  vertex 29.76 -0.67 1.24
  vertex 29.76 0.67 2.2
  vertex 29.76 0.67 1.24
 endloop
endfacet
facet normal 1 0 0
 outer loop
  vertex 30.72 -0.67 1.24
  vertex 30.72 0.67 1.24
  vertex 30.72 0.67 2.2
 endloop
endfacet
facet normal 1 0 0
 outer loop
  vertex 30.72 -0.67 1.24
  vertex 30.72 0.67 2.2
  vertex 30.72 -0.67 2.2
 endloop
endfacet
facet normal 0 0 -1
 outer loop
  vertex 31 -0.67 6.2
  vertex 31 0.67 6.2
  vertex 31.96 0.67 6.2
 endloop
endfacet
facet normal 0 0 -1
 outer loop
  vertex 31 -0.67 6.2
  vertex 31.96 0.67 6.2
  vertex 31.96 -0.67 6.2
 endloop
endfacet
facet normal 0 0 1
 outer loop
  vertex 31 -0.67 7.16
  vertex 31.96 -0.67 7.16
  vertex 31.96 0.67 7.16
 endloop
endfacet
facet normal 0 0 1
 outer loop
  vertex 31 -0.67 7.16
  vertex 31.96 0.67 7.16
  vertex 31 0.67 7.16
 endloop
endfacet
facet normal 0 -1 0
 outer loop
  vertex 31 -0.67 6.2
  vertex 31.96 -0.67 6.2
  vertex 31.96 -0.67 7.16
 endloop
endfacet
facet normal 0 -1 0
 outer loop
  vertex 31 -0.67 6.2
  vertex 31.96 -0.67 7.16
  vertex 31 -0.67 7.16
 endloop
endfacet
facet normal 0 1 0
 outer loop
  vertex 31 0.67 6.2
  vertex 31 0.67 7.16
  vertex 31.96 0.67 7.16
 endloop
endfacet
facet normal 0 1 0
 outer loop
  vertex 31 0.67 6.2
  vertex 31.96 0.67 7.16
  vertex 31.96 0.67 6.2
 endloop
endfacet
facet normal -1 0 0
 outer loop
  vertex 31 -0.67 6.2
  vertex 31 -0.67 7.16
  vertex 31 0.67 7.16
 endloop
endfacet
facet normal -1 0 0
 outer loop
  vertex 31 -0.67 6.2
  vertex 31 0.67 7.16
  vertex 31 0.67 6.2
 endloop
endfacet
facet normal 1 0 0
 outer loop
  vertex 31.96 -0.67 6.2
  vertex 31.96 0.67 6.2
  vertex 31.96 0.67 7.16
 endloop
endfacet
facet normal 1 0 0
 outer loop
  vertex 31.96 -0.67 6.2
  vertex 31.96 0.67 7.16
  vertex 31.96 -0.67 7.16
 endloop
endfacet
facet normal 0 0 -1
 outer loop
  vertex 31 -0.67 4.96
  vertex 31 0.67 4.96
  vertex 31.96 0.67 4.96
 endloop
endfacet
facet normal 0 0 -1
 outer loop
  vertex 31 -0.67 4.96
  vertex 31.96 0.67 4.96
  vertex 31.96 -0.67 4.96
 endloop
endfacet
facet normal 0 0 1
 outer loop
  vertex 31 -0.67 5.92
  vertex 31.96 -0.67 5.92
  vertex 31.96 0.67 5.92
 endloop
endfacet
facet normal 0 0 1
 outer loop
  vertex 31 -0.67 5.92
  vertex 31.96 0.67 5.92
  vertex 31 0.67 5.92
 endloop
endfacet
facet normal 0 -1 0
 outer loop
  vertex 31 -0.67 4.96
  vertex 31.96 -0.67 4.96
  vertex 31.96 -0.67 5.92
 endloop
endfacet
facet normal 0 -1 0
 outer loop
  vertex 31 -0.67 4.96
  vertex 31.96 -0.67 5.92
  vertex 31 -0.67 5.92
 endloop
endfacet
facet normal 0 1 0
 outer loop
  vertex 31 0.67 4.96
  vertex 31 0.67 5.92
  vertex 31.96 0.67 5.92
 endloop
endfacet
facet normal 0 1 0
 outer loop
  vertex 31 0.67 4.96
  vertex 31.96 0.67 5.92
  vertex 31.96 0.67 4.96
 endloop
endfacet
facet normal -1 0 0
 outer loop
  vertex 31 -0.67 4.96
  vertex 31 -0.67 5.92
  vertex 31 0.67 5.92
 endloop
endfacet
facet normal -1 0 0
 outer loop
  vertex 31 -0.67 4.96
  vertex 31 0.67 5.92
  vertex 31 0.67 4.96
 endloop
endfacet
facet normal 1 0 0
 outer loop
  vertex 31.96 -0.67 4.96
  vertex 31.96 0.67 4.96
  vertex 31.96 0.67 5.92
 endloop
endfacet
facet normal 1 0 0
 outer loop
  vertex 31.96 -0.67 4.96
  vertex 31.96 0.67 5.92
  vertex 31.96 -0.67 5.92
 endloop
endfacet
facet normal 0 0 -1
 outer loop
  vertex 31 -0.67 3.72
  vertex 31 0.67 3.72
  vertex 31.96 0.67 3.72
 endloop
endfacet
facet normal 0 0 -1
 outer loop
  vertex 31 -0.67 3.72
  vertex 31.96 0.67 3.72
  vertex 31.96 -0.67 3.72
 endloop
endfacet
facet normal 0 0 1
 outer loop
  vertex 31 -0.67 4.68
  vertex 31.96 -0.67 4.68
  vertex 31.96 0.67 4.68
 endloop
endfacet
facet normal 0 0 1
 outer loop
  vertex 31 -0.67 4.68
  vertex 31.96 0.67 4.68
  vertex 31 0.67 4.68
 endloop
endfacet
facet normal 0 -1 0
 outer loop
  vertex 31 -0.67 3.72
  vertex 31.96 -0.67 3.72
  vertex 31.96 -0.67 4.68
 endloop
endfacet
facet normal 0 -1 0
 outer loop
  vertex 31 -0.67 3.72
  vertex 31.96 -0.67 4.68
  vertex 31 -0.67 4.68
 endloop
endfacet
facet normal 0 1 0
 outer loop
  vertex 31 0.67 3.72
  vertex 31 0.67 4.68
  vertex 31.96 0.67 4.68
 endloop
endfacet
facet normal 0 1 0
 outer loop
  vertex 31 0.67 3.72
  vertex 31.96 0.67 4.68
  vertex 31.96 0.67 3.72
 endloop
endfacet
facet normal -1 0 0
 outer loop
  vertex 31 -0.67 3.72
  vertex 31 -0.67 4.68
  vertex 31 0.67 4.68
 endloop
endfacet
facet normal -1 0 0
 outer loop
  vertex 31 -0.67 3.72
  vertex 31 0.67 4.68
  vertex 31 0.67 3.72
 endloop
endfacet
facet normal 1 0 0
 outer loop
  vertex 31.96 -0.67 3.72
  vertex 31.96 0.67 3.72
  vertex 31.96 0.67 4.68
 endloop
endfacet
facet normal 1 0 0
 outer loop
  vertex 31.96 -0.67 3.72
  vertex 31.96 0.67 4.68
  vertex 31.96 -0.67 4.68
 endloop
endfacet
facet normal 0 0 -1
 outer loop
  vertex 31 -0.67 2.48
  vertex 31 0.67 2.48
  vertex 31.96 0.67 2.48
 endloop
endfacet
facet normal 0 0 -1
 outer loop
  vertex 31 -0.67 2.48
  vertex 31.96 0.67 2.48
  vertex 31.96 -0.67 2.48
 endloop
endfacet
facet normal 0 0 1
 outer loop
  vertex 31 -0.67 3.44
  vertex 31.96 -0.67 3.44
  vertex 31.96 0.67 3.44
 endloop
endfacet
facet normal 0 0 1
 outer loop
  vertex 31 -0.67 3.44
  vertex 31.96 0.67 3.44
  vertex 31 0.67 3.44
 endloop
endfacet
facet normal 0 -1 0
 outer loop
  vertex 31 -0.67 2.48
  vertex 31.96 -0.67 2.48
  vertex 31.96 -0.67 3.44
 endloop
endfacet
facet normal 0 -1 0
 outer loop
  vertex 31 -0.67 2.48
  vertex 31.96 -0.67 3.44
  vertex 31 -0.67 3.44
 endloop
endfacet
facet normal 0 1 0
 outer loop
  vertex 31 0.67 2.48
  vertex 31 0.67 3.44
  vertex 31.96 0.67 3.44
 endloop
endfacet
facet normal 0 1 0
 outer loop
  vertex 31 0.67 2.48
  vertex 31.96 0.67 3.44
  vertex 31.96 0.67 2.48
 endloop
endfacet
facet normal -1 0 0
 outer loop
  vertex 31 -0.67 2.48
  vertex 31 -0.67 3.44
  vertex 31 0.67 3.44
 endloop
endfacet
facet normal -1 0 0
 outer loop
  vertex 31 -0.67 2.48
  vertex 31 0.67 3.44
  vertex 31 0.67 2.48
 endloop
endfacet
facet normal 1 0 0
 outer loop
  vertex 31.96 -0.67 2.48
  vertex 31.96 0.67 2.48
  vertex 31.96 0.67 3.44
 endloop
endfacet
facet normal 1 0 0
 outer loop
  vertex 31.96 -0.67 2.48
  vertex 31.96 0.67 3.44
  vertex 31.96 -0.67 3.44
 endloop
endfacet
facet normal 0 0 -1
 outer loop
  vertex 32.24 -0.67 4.96
  vertex 32.24 0.67 4.96
  vertex 33.2 0.67 4.96
 endloop
endfacet
facet normal 0 0 -1
 outer loop
  vertex 32.24 -0.67 4.96
  vertex 33.2 0.67 4.96
  vertex 33.2 -0.67 4.96
 endloop
endfacet
facet normal 0 0 1
 outer loop
  vertex 32.24 -0.67 5.92
  vertex 33.2 -0.67 5.92
  vertex 33.2 0.67 5.92
 endloop
endfacet
facet normal 0 0 1
 outer loop
  vertex 32.24 -0.67 5.92
  vertex 33.2 0.67 5.92
  vertex 32.24 0.67 5.92
 endloop
endfacet
facet normal 0 -1 0
 outer loop
  vertex 32.24 -0.67 4.96
  vertex 33.2 -0.67 4.96
  vertex 33.2 -0.67 5.92
 endloop
endfacet
facet normal 0 -1 0
 outer loop
  vertex 32.24 -0.67 4.96
  vertex 33.2 -0.67 5.92
  vertex 32.24 -0.67 5.92
 endloop
endfacet
facet normal 0 1 0
 outer loop
  vertex 32.24 0.67 4.96
  vertex 32.24 0.67 5.92
  vertex 33.2 0.67 5.92
 endloop
endfacet
facet normal 0 1 0
 outer loop
  vertex 32.24 0.67 4.96
  vertex 33.2 0.67 5.92
  vertex 33.2 0.67 4.96
 endloop
endfacet
facet normal -1 0 0
 outer loop
  vertex 32.24 -0.67 4.96
  vertex 32.24 -0.67 5.92
  vertex 32.24 0.67 5.92
 endloop
endfacet
facet normal -1 0 0
 outer loop
  vertex 32.24 -0.67 4.96
  vertex 32.24 0.67 5.92
  vertex 32.24 0.67 4.96
 endloop
endfacet
facet normal 1 0 0
 outer loop
  vertex 33.2 -0.67 4.96
  vertex 33.2 0.67 4.96
  vertex 33.2 0.67 5.92
 endloop
endfacet
facet normal 1 0 0
 outer loop
  vertex 33.2 -0.67 4.96
  vertex 33.2 0.67 5.92
  vertex 33.2 -0.67 5.92
 endloop
endfacet
facet normal 0 0 -1
 outer loop
  vertex 32.24 -0.67 3.72
  vertex 32.24 0.67 3.72
  vertex 33.2 0.67 3.72
 endloop
endfacet
facet normal 0 0 -1
 outer loop
  vertex 32.24 -0.67 3.72
  vertex 33.2 0.67 3.72
  vertex 33.2 -0.67 3.72
 endloop
endfacet
facet normal 0 0 1
 outer loop
  vertex 32.24 -0.67 4.68
  vertex 33.2 -0.67 4.68
  vertex 33.2 0.67 4.68
 endloop
endfacet
facet normal 0 0 1
 outer loop
  vertex 32.24 -0.67 4.68
  vertex 33.2 0.67 4.68
  vertex 32.24 0.67 4.68
 endloop
endfacet
facet normal 0 -1 0
 outer loop
  vertex 32.24 -0.67 3.72
  vertex 33.2 -0.67 3.72
  vertex 33.2 -0.67 4.68
 endloop
endfacet
facet normal 0 -1 0
 outer loop
  vertex 32.24 -0.67 3.72
  vertex 33.2 -0.67 4.68
  vertex 32.24 -0.67 4.68
 endloop
endfacet
facet normal 0 1 0
 outer loop
  vertex 32.24 0.67 3.72
  vertex 32.24 0.67 4.68
  vertex 33.2 0.67 4.68
 endloop
endfacet
facet normal 0 1 0
 outer loop
  vertex 32.24 0.67 3.72
  vertex 33.2 0.67 4.68
  vertex 33.2 0.67 3.72
 endloop
endfacet
facet normal -1 0 0
 outer loop
  vertex 32.24 -0.67 3.72
  vertex 32.24 -0.67 4.68
  vertex 32.24 0.67 4.68
 endloop
endfacet
facet normal -1 0 0
 outer loop
  vertex 32.24 -0.67 3.72
  vertex 32.24 0.67 4.68
  vertex 32.24 0.67 3.72
 endloop
endfacet
facet normal 1 0 0
 outer loop
  vertex 33.2 -0.67 3.72
  vertex 33.2 0.67 3.72
  vertex 33.2 0.67 4.68
 endloop
endfacet
facet normal 1 0 0
 outer loop
  vertex 33.2 -0.67 3.72
  vertex 33.2 0.67 4.68
  vertex 33.2 -0.67 4.68
 endloop
endfacet
facet normal 0 0 -1
 outer loop
  vertex 37.2 -0.51 4.96
  vertex 37.2 0.51 4.96
  vertex 38.16 0.51 4.96
 endloop
endfacet
facet normal 0 0 -1
 outer loop
  vertex 37.2 -0.51 4.96
  vertex 38.16 0.51 4.96
  vertex 38.16 -0.51 4.96
 endloop
endfacet
facet normal 0 0 1
 outer loop
  vertex 37.2 -0.51 5.92
  vertex 38.16 -0.51 5.92
  vertex 38.16 0.51 5.92
 endloop
endfacet
facet normal 0 0 1
 outer loop
  vertex 37.2 -0.51 5.92
  vertex 38.16 0.51 5.92
  vertex 37.2 0.51 5.92
 endloop
endfacet
facet normal 0 -1 0
 outer loop
  vertex 37.2 -0.51 4.96
  vertex 38.16 -0.51 4.96
  vertex 38.16 -0.51 5.92
 endloop
endfacet
facet normal 0 -1 0
 outer loop
  vertex 37.2 -0.51 4.96
  vertex 38.16 -0.51 5.92
  vertex 37.2 -0.51 5.92
 endloop
endfacet
facet normal 0 1 0
 outer loop
  vertex 37.2 0.51 4.96
  vertex 37.2 0.51 5.92
  vertex 38.16 0.51 5.92
 endloop
endfacet
facet normal 0 1 0
 outer loop
  vertex 37.2 0.51 4.96
  vertex 38.16 0.51 5.92
  vertex 38.16 0.51 4.96
 endloop
endfacet
facet normal -1 0 0
 outer loop
  vertex 37.2 -0.51 4.96
  vertex 37.2 -0.51 5.92
  vertex 37.2 0.51 5.92
 endloop
endfacet
facet normal -1 0 0
 outer loop
  vertex 37.2 -0.51 4.96
  vertex 37.2 0.51 5.92
  vertex 37.2 0.51 4.96
 endloop
endfacet
facet normal 1 0 0
 outer loop
  vertex 38.16 -0.51 4.96
  vertex 38.16 0.51 4.96
  vertex 38.16 0.51 5.92
 endloop
endfacet
facet normal 1 0 0
 outer loop
  vertex 38.16 -0.51 4.96
  vertex 38.16 0.51 5.92
  vertex 38.16 -0.51 5.92
 endloop
endfacet
facet normal 0 0 -1
 outer loop
  vertex 37.2 -0.51 3.72
  vertex 37.2 0.51 3.72
  vertex 38.16 0.51 3.72
 endloop
endfacet
facet normal 0 0 -1
 outer loop
  vertex 37.2 -0.51 3.72
  vertex 38.16 0.51 3.72
  vertex 38.16 -0.51 3.72
 endloop
endfacet
facet normal 0 0 1
 outer loop
  vertex 37.2 -0.51 4.68
  vertex 38.16 -0.51 4.68
  vertex 38.16 0.51 4.68
 endloop
endfacet
facet normal 0 0 1
 outer loop
  vertex 37.2 -0.51 4.68
  vertex 38.16 0.51 4.68
  vertex 37.2 0.51 4.68
 endloop
endfacet
facet normal 0 -1 0
 outer loop
  vertex 37.2 -0.51 3.72
  vertex 38.16 -0.51 3.72
  vertex 38.16 -0.51 4.68
 endloop
endfacet
facet normal 0 -1 0
 outer loop
  vertex 37.2 -0.51 3.72
  vertex 38.16 -0.51 4.68
  vertex 37.2 -0.51 4.68
 endloop
endfacet
facet normal 0 1 0
 outer loop
  vertex 37.2 0.51 3.72
  vertex 37.2 0.51 4.68
  vertex 38.16 0.51 4.68
 endloop
endfacet
facet normal 0 1 0
 outer loop
  vertex 37.2 0.51 3.72
  vertex 38.16 0.51 4.68
  vertex 38.16 0.51 3.72
 endloop
endfacet
facet normal -1 0 0
 outer loop
  vertex 37.2 -0.51 3.72
  vertex 37.2 -0.51 4.68
  vertex 37.2 0.51 4.68
 endloop
endfacet
facet normal -1 0 0
 outer loop
  vertex 37.2 -0.51 3.72
  vertex 37.2 0.51 4.68
  vertex 37.2 0.51 3.72
 endloop
endfacet
facet normal 1 0 0
 outer loop
  vertex 38.16 -0.51 3.72
  vertex 38.16 0.51 3.72
  vertex 38.16 0.51 4.68
 endloop
endfacet
facet normal 1 0 0
 outer loop
  vertex 38.16 -0.51 3.72
  vertex 38.16 0.51 4.68
  vertex 38.16 -0.51 4.68
 endloop
endfacet
facet normal 0 0 -1
 outer loop
  vertex 38.44 -0.51 6.2
  vertex 38.44 0.51 6.2
  vertex 39.4 0.51 6.2
 endloop
endfacet
facet normal 0 0 -1
 outer loop
  vertex 38.44 -0.51 6.2
  vertex 39.4 0.51 6.2
  vertex 39.4 -0.51 6.2
 endloop
endfacet
facet normal 0 0 1
 outer loop
  vertex 38.44 -0.51 7.16
  vertex 39.4 -0.51 7.16
  vertex 39.4 0.51 7.16
 endloop
endfacet
facet normal 0 0 1
 outer loop
  vertex 38.44 -0.51 7.16
  vertex 39.4 0.51 7.16
  vertex 38.44 0.51 7.16
 endloop
endfacet
facet normal 0 -1 0
 outer loop
  vertex 38.44 -0.51 6.2
  vertex 39.4 -0.51 6.2
  vertex 39.4 -0.51 7.16
 endloop
endfacet
facet normal 0 -1 0
 outer loop
  vertex 38.44 -0.51 6.2
  vertex 39.4 -0.51 7.16
  vertex 38.44 -0.51 7.16
 endloop
endfacet
facet normal 0 1 0
 outer loop
  vertex 38.44 0.51 6.2
  vertex 38.44 0.51 7.16
  vertex 39.4 0.51 7.16
 endloop
endfacet
facet normal 0 1 0
 outer loop
  vertex 38.44 0.51 6.2
  vertex 39.4 0.51 7.16
  vertex 39.4 0.51 6.2
 endloop
endfacet
facet normal -1 0 0
 outer loop
  vertex 38.44 -0.51 6.2
  vertex 38.44 -0.51 7.16
  vertex 38.44 0.51 7.16
 endloop
endfacet
facet normal -1 0 0
 outer loop
  vertex 38.44 -0.51 6.2
  vertex 38.44 0.51 7.16
  vertex 38.44 0.51 6.2
 endloop
endfacet
facet normal 1 0 0
 outer loop
  vertex 39.4 -0.51 6.2
  vertex 39.4 0.51 6.2
  vertex 39.4 0.51 7.16
 endloop
endfacet
facet normal 1 0 0
 outer loop
  vertex 39.4 -0.51 6.2
  vertex 39.4 0.51 7.16
  vertex 39.4 -0.51 7.16
 endloop
endfacet
facet normal 0 0 -1
 outer loop
  vertex 38.44 -0.51 4.96
  vertex 38.44 0.51 4.96
  vertex 39.4 0.51 4.96
 endloop
endfacet
facet normal 0 0 -1
 outer loop
  vertex 38.44 -0.51 4.96
  vertex 39.4 0.51 4.96
  vertex 39.4 -0.51 4.96
 endloop
endfacet
facet normal 0 0 1
 outer loop
  vertex 38.44 -0.51 5.92
  vertex 39.4 -0.51 5.92
  vertex 39.4 0.51 5.92
 endloop
endfacet
facet normal 0 0 1
 outer loop
  vertex 38.44 -0.51 5.92
  vertex 39.4 0.51 5.92
  vertex 38.44 0.51 5.92
 endloop
endfacet
facet normal 0 -1 0
 outer loop
  vertex 38.44 -0.51 4.96
  vertex 39.4 -0.51 4.96
  vertex 39.4 -0.51 5.92
 endloop
endfacet
facet normal 0 -1 0
 outer loop
  vertex 38.44 -0.51 4.96
  vertex 39.4 -0.51 5.92
  vertex 38.44 -0.51 5.92
 endloop
endfacet
facet normal 0 1 0
 outer loop
  vertex 38.44 0.51 4.96
  vertex 38.44 0.51 5.92
  vertex 39.4 0.51 5.92
 endloop
endfacet
facet normal 0 1 0
 outer loop
  vertex 38.44 0.51 4.96
  vertex 39.4 0.51 5.92
  vertex 39.4 0.51 4.96
 endloop
endfacet
facet normal -1 0 0
 outer loop
  vertex 38.44 -0.51 4.96
  vertex 38.44 -0.51 5.92
  vertex 38.44 0.51 5.92
 endloop
endfacet
facet normal -1 0 0
 outer loop
  vertex 38.44 -0.51 4.96
  vertex 38.44 0.51 5.92
  vertex 38.44 0.51 4.96
 endloop
endfacet
facet normal 1 0 0
 outer loop
  vertex 39.4 -0.51 4.96
  vertex 39.4 0.51 4.96
  vertex 39.4 0.51 5.92
 endloop
endfacet
facet normal 1 0 0
 outer loop
  vertex 39.4 -0.51 4.96
  vertex 39.4 0.51 5.92
  vertex 39.4 -0.51 5.92
 endloop
endfacet
facet normal 0 0 -1
 outer loop
  vertex 38.44 -0.51 3.72
  vertex 38.44 0.51 3.72
  vertex 39.4 0.51 3.72
 endloop
endfacet
facet normal 0 0 -1
 outer loop
  vertex 38.44 -0.51 3.72
  vertex 39.4 0.51 3.72
  vertex 39.4 -0.51 3.72
 endloop
endfacet
facet normal 0 0 1
 outer loop
  vertex 38.44 -0.51 4.68
  vertex 39.4 -0.51 4.68
  vertex 39.4 0.51 4.68
 endloop
endfacet
facet normal 0 0 1
 outer loop
  vertex 38.44 -0.51 4.68
  vertex 39.4 0.51 4.68
  vertex 38.44 0.51 4.68
 endloop
endfacet
facet normal 0 -1 0
 outer loop
  vertex 38.44 -0.51 3.72
  vertex 39.4 -0.51 3.72
  vertex 39.4 -0.51 4.68
 endloop
endfacet
facet normal 0 -1 0
 outer loop
  vertex 38.44 -0.51 3.72
  vertex 39.4 -0.51 4.68
  vertex 38.44 -0.51 4.68
 endloop
endfacet
facet normal 0 1 0
 outer loop
  vertex 38.44 0.51 3.72
  vertex 38.44 0.51 4.68
  vertex 39.4 0.51 4.68
 endloop
endfacet
facet normal 0 1 0
 outer loop
  vertex 38.44 0.51 3.72
  vertex 39.4 0.51 4.68
  vertex 39.4 0.51 3.72
 endloop
endfacet
facet normal -1 0 0
 outer loop
  vertex 38.44 -0.51 3.72
  vertex 38.44 -0.51 4.68
  vertex 38.44 0.51 4.68
 endloop
endfacet
facet normal -1 0 0
 outer loop
  vertex 38.44 -0.51 3.72
  vertex 38.44 0.51 4.68
  vertex 38.44 0.51 3.72
 endloop
endfacet
facet normal 1 0 0
 outer loop
  vertex 39.4 -0.51 3.72
  vertex 39.4 0.51 3.72
  vertex 39.4 0.51 4.68
 endloop
endfacet
facet normal 1 0 0
 outer loop
  vertex 39.4 -0.51 3.72
  vertex 39.4 0.51 4.68
  vertex 39.4 -0.51 4.68
 endloop
endfacet
facet normal 0 0 -1
 outer loop
  vertex 38.44 -0.51 2.48
  vertex 38.44 0.51 2.48
  vertex 39.4 0.51 2.48
 endloop
endfacet
facet normal 0 0 -1
 outer loop
  vertex 38.44 -0.51 2.48
  vertex 39.4 0.51 2.48
  vertex 39.4 -0.51 2.48
 endloop
endfacet
facet normal 0 0 1
 outer loop
  vertex 38.44 -0.51 3.44
  vertex 39.4 -0.51 3.44
  vertex 39.4 0.51 3.44
 endloop
endfacet
facet normal 0 0 1
 outer loop
  vertex 38.44 -0.51 3.44
  vertex 39.4 0.51 3.44
  vertex 38.44 0.51 3.44
 endloop
endfacet
facet normal 0 -1 0
 outer loop
  vertex 38.44 -0.51 2.48
  vertex 39.4 -0.51 2.48
  vertex 39.4 -0.51 3.44
 endloop
endfacet
facet normal 0 -1 0
 outer loop
  vertex 38.44 -0.51 2.48
  vertex 39.4 -0.51 3.44
  vertex 38.44 -0.51 3.44
 endloop
endfacet
facet normal 0 1 0
 outer loop
  vertex 38.44 0.51 2.48
  vertex 38.44 0.51 3.44
  vertex 39.4 0.51 3.44
 endloop
endfacet
facet normal 0 1 0
 outer loop
  vertex 38.44 0.51 2.48
  vertex 39.4 0.51 3.44
  vertex 39.4 0.51 2.48
 endloop
endfacet
facet normal -1 0 0
 outer loop
  vertex 38.44 -0.51 2.48
  vertex 38.44 -0.51 3.44
  vertex 38.44 0.51 3.44
 endloop
endfacet
facet normal -1 0 0
 outer loop
  vertex 38.44 -0.51 2.48
  vertex 38.44 0.51 3.44
  vertex 38.44 0.51 2.48
 endloop
endfacet
facet normal 1 0 0
 outer loop
  vertex 39.4 -0.51 2.48
  vertex 39.4 0.51 2.48
  vertex 39.4 0.51 3.44
 endloop
endfacet
facet normal 1 0 0
 outer loop
  vertex 39.4 -0.51 2.48
  vertex 39.4 0.51 3.44
  vertex 39.4 -0.51 3.44
 endloop
endfacet
facet normal 0 0 -1
 outer loop
  vertex 39.68 -0.51 6.2
  vertex 39.68 0.51 6.2
  vertex 40.64 0.51 6.2
 endloop
endfacet
facet normal 0 0 -1
 outer loop
  vertex 39.68 -0.51 6.2
  vertex 40.64 0.51 6.2
  vertex 40.64 -0.51 6.2
 endloop
endfacet
facet normal 0 0 1
 outer loop
  vertex 39.68 -0.51 7.16
  vertex 40.64 -0.51 7.16
  vertex 40.64 0.51 7.16
 endloop
endfacet
facet normal 0 0 1
 outer loop
  vertex 39.68 -0.51 7.16
  vertex 40.64 0.51 7.16
  vertex 39.68 0.51 7.16
 endloop
endfacet
facet normal 0 -1 0
 outer loop
  vertex 39.68 -0.51 6.2
  vertex 40.64 -0.51 6.2
  vertex 40.64 -0.51 7.16
 endloop
endfacet
facet normal 0 -1 0
 outer loop
  vertex 39.68 -0.51 6.2
  vertex 40.64 -0.51 7.16
  vertex 39.68 -0.51 7.16
 endloop
endfacet
facet normal 0 1 0
 outer loop
  vertex 39.68 0.51 6.2
  vertex 39.68 0.51 7.16
  vertex 40.64 0.51 7.16
 endloop
endfacet
facet normal 0 1 0
 outer loop
  vertex 39.68 0.51 6.2
  vertex 40.64 0.51 7.16
  vertex 40.64 0.51 6.2
 endloop
endfacet
facet normal -1 0 0
 outer loop
  vertex 39.68 -0.51 6.2
  vertex 39.68 -0.51 7.16
  vertex 39.68 0.51 7.16
 endloop
endfacet
facet normal -1 0 0
 outer loop
  vertex 39.68 -0.51 6.2
  vertex 39.68 0.51 7.16
  vertex 39.68 0.51 6.2
 endloop
endfacet
facet normal 1 0 0
 outer loop
  vertex 40.64 -0.51 6.2
  vertex 40.64 0.51 6.2
  vertex 40.64 0.51 7.16
 endloop
endfacet
facet normal 1 0 0
 outer loop
  vertex 40.64 -0.51 6.2
  vertex 40.64 0.51 7.16
  vertex 40.64 -0.51 7.16
 endloop
endfacet
facet normal 0 0 -1
 outer loop
  vertex 39.68 -0.51 4.96
  vertex 39.68 0.51 4.96
  vertex 40.64 0.51 4.96
 endloop
endfacet
facet normal 0 0 -1
 outer loop
  vertex 39.68 -0.51 4.96
  vertex 40.64 0.51 4.96
  vertex 40.64 -0.51 4.96
 endloop
endfacet
facet normal 0 0 1
 outer loop
  vertex 39.68 -0.51 5.92
  vertex 40.64 -0.51 5.92
  vertex 40.64 0.51 5.92
 endloop
endfacet
facet normal 0 0 1
 outer loop
  vertex 39.68 -0.51 5.92
  vertex 40.64 0.51 5.92
  vertex 39.68 0.51 5.92
 endloop
endfacet
facet normal 0 -1 0
 outer loop
  vertex 39.68 -0.51 4.96
  vertex 40.64 -0.51 4.96
  vertex 40.64 -0.51 5.92
 endloop
endfacet
facet normal 0 -1 0
 outer loop
  vertex 39.68 -0.51 4.96
  vertex 40.64 -0.51 5.92
  vertex 39.68 -0.51 5.92
 endloop
endfacet
facet normal 0 1 0
 outer loop
  vertex 39.68 0.51 4.96
  vertex 39.68 0.51 5.92
  vertex 40.64 0.51 5.92
 endloop
endfacet
facet normal 0 1 0
 outer loop
  vertex 39.68 0.51 4.96
  vertex 40.64 0.51 5.92
  vertex 40.64 0.51 4.96
 endloop
endfacet
facet normal -1 0 0
 outer loop
  vertex 39.68 -0.51 4.96
  vertex 39.68 -0.51 5.92
  vertex 39.68 0.51 5.92
 endloop
endfacet
facet normal -1 0 0
 outer loop
  vertex 39.68 -0.51 4.96
  vertex 39.68 0.51 5.92
  vertex 39.68 0.51 4.96
 endloop
endfacet
facet normal 1 0 0
 outer loop
  vertex 40.64 -0.51 4.96
  vertex 40.64 0.51 4.96
  vertex 40.64 0.51 5.92
 endloop
endfacet
facet normal 1 0 0
 outer loop
  vertex 40.64 -0.51 4.96
  vertex 40.64 0.51 5.92
  vertex 40.64 -0.51 5.92
 endloop
endfacet
facet normal 0 0 -1
 outer loop
  vertex 39.68 -0.51 3.72
  vertex 39.68 0.51 3.72
  vertex 40.64 0.51 3.72
 endloop
endfacet
facet normal 0 0 -1
 outer loop
  vertex 39.68 -0.51 3.72
  vertex 40.64 0.51 3.72
  vertex 40.64 -0.51 3.72
 endloop
endfacet
facet normal 0 0 1
 outer loop
  vertex 39.68 -0.51 4.68
  vertex 40.64 -0.51 4.68
  vertex 40.64 0.51 4.68
 endloop
endfacet
facet normal 0 0 1
 outer loop
  vertex 39.68 -0.51 4.68
  vertex 40.64 0.51 4.68
  vertex 39.68 0.51 4.68
 endloop
endfacet
facet normal 0 -1 0
 outer loop
  vertex 39.68 -0.51 3.72
  vertex 40.64 -0.51 3.72
  vertex 40.64 -0.51 4.68
 endloop
endfacet
facet normal 0 -1 0
 outer loop
  vertex 39.68 -0.51 3.72
  vertex 40.64 -0.51 4.68
  vertex 39.68 -0.51 4.68
 endloop
endfacet
facet normal 0 1 0
 outer loop
  vertex 39.68 0.51 3.72
  vertex 39.68 0.51 4.68
  vertex 40.64 0.51 4.68
 endloop
endfacet
facet normal 0 1 0
 outer loop
  vertex 39.68 0.51 3.72
  vertex 40.64 0.51 4.68
  vertex 40.64 0.51 3.72
 endloop
endfacet
facet normal -1 0 0
 outer loop
  vertex 39.68 -0.51 3.72
  vertex 39.68 -0.51 4.68
  vertex 39.68 0.51 4.68
 endloop
endfacet
facet normal -1 0 0
 outer loop
  vertex 39.68 -0.51 3.72
  vertex 39.68 0.51 4.68
  vertex 39.68 0.51 3.72
 endloop
endfacet
facet normal 1 0 0
 outer loop
  vertex 40.64 -0.51 3.72
  vertex 40.64 0.51 3.72
  vertex 40.64 0.51 4.68
 endloop
endfacet
facet normal 1 0 0
 outer loop
  vertex 40.64 -0.51 3.72
  vertex 40.64 0.51 4.68
  vertex 40.64 -0.51 4.68
 endloop
endfacet
facet normal 0 0 -1
 outer loop
  vertex 39.68 -0.51 2.48
  vertex 39.68 0.51 2.48
  vertex 40.64 0.51 2.48
 endloop
endfacet
facet normal 0 0 -1
 outer loop
  vertex 39.68 -0.51 2.48
  vertex 40.64 0.51 2.48
  vertex 40.64 -0.51 2.48
 endloop
endfacet
facet normal 0 0 1
 outer loop
  vertex 39.68 -0.51 3.44
  vertex 40.64 -0.51 3.44
  vertex 40.64 0.51 3.44
 endloop
endfacet
facet normal 0 0 1
 outer loop
  vertex 39.68 -0.51 3.44
  vertex 40.64 0.51 3.44
  vertex 39.68 0.51 3.44
 endloop
endfacet
facet normal 0 -1 0
 outer loop
  vertex 39.68 -0.51 2.48
  vertex 40.64 -0.51 2.48
  vertex 40.64 -0.51 3.44
 endloop
endfacet
facet normal 0 -1 0
 outer loop
  vertex 39.68 -0.51 2.48
  vertex 40.64 -0.51 3.44
  vertex 39.68 -0.51 3.44
 endloop
endfacet
facet normal 0 1 0
 outer loop
  vertex 39.68 0.51 2.48
  vertex 39.68 0.51 3.44
  vertex 40.64 0.51 3.44
 endloop
endfacet
facet normal 0 1 0
 outer loop
  vertex 39.68 0.51 2.48
  vertex 40.64 0.51 3.44
  vertex 40.64 0.51 2.48
 endloop
endfacet
facet normal -1 0 0
 outer loop
  vertex 39.68 -0.51 2.48
  vertex 39.68 -0.51 3.44
  vertex 39.68 0.51 3.44
 endloop
endfacet
facet normal -1 0 0
 outer loop
  vertex 39.68 -0.51 2.48
  vertex 39.68 0.51 3.44
  vertex 39.68 0.51 2.48
 endloop
endfacet
facet normal 1 0 0
 outer loop
  vertex 40.64 -0.51 2.48
  vertex 40.64 0.51 2.48
  vertex 40.64 0.51 3.44
 endloop
endfacet
facet normal 1 0 0
 outer loop
  vertex 40.64 -0.51 2.48
  vertex 40.64 0.51 3.44
  vertex 40.64 -0.51 3.44
 endloop
endfacet
facet normal 0 0 -1
 outer loop
  vertex 39.68 -0.51 1.24
  vertex 39.68 0.51 1.24
  vertex 40.64 0.51 1.24
 endloop
endfacet
facet normal 0 0 -1
 outer loop
  vertex 39.68 -0.51 1.24
  vertex 40.64 0.51 1.24
  vertex 40.64 -0.51 1.24
 endloop
endfacet
facet normal 0 0 1
 outer loop
  vertex 39.68 -0.51 2.2
  vertex 40.64 -0.51 2.2
  vertex 40.64 0.51 2.2
 endloop
endfacet
facet normal 0 0 1
 outer loop
  vertex 39.68 -0.51 2.2
  vertex 40.64 0.51 2.2
  vertex 39.68 0.51 2.2
 endloop
endfacet
facet normal 0 -1 0
 outer loop
  vertex 39.68 -0.51 1.24
  vertex 40.64 -0.51 1.24
  vertex 40.64 -0.51 2.2
 endloop
endfacet
facet normal 0 -1 0
 outer loop
  vertex 39.68 -0.51 1.24
  vertex 40.64 -0.51 2.2
  vertex 39.68 -0.51 2.2
 endloop
endfacet
facet normal 0 1 0
 outer loop
  vertex 39.68 0.51 1.24
  vertex 39.68 0.51 2.2
  vertex 40.64 0.51 2.2
 endloop
endfacet
facet normal 0 1 0
 outer loop
  vertex 39.68 0.51 1.24
  vertex 40.64 0.51 2.2
  vertex 40.64 0.51 1.24
 endloop
endfacet
facet normal -1 0 0
 outer loop
  vertex 39.68 -0.51 1.24
  vertex 39.68 -0.51 2.2
  vertex 39.68 0.51 2.2
 endloop
endfacet
facet normal -1 0 0
 outer loop
  vertex 39.68 -0.51 1.24
  vertex 39.68 0.51 2.2
  vertex 39.68 0.51 1.24
 endloop
endfacet
facet normal 1 0 0
 outer loop
  vertex 40.64 -0.51 1.24
  vertex 40.64 0.51 1.24
  vertex 40.64 0.51 2.2
 endloop
endfacet
facet normal 1 0 0
 outer loop
  vertex 40.64 -0.51 1.24
  vertex 40.64 0.51 2.2
  vertex 40.64 -0.51 2.2
 endloop
endfacet
facet normal 0 0 -1
 outer loop
  vertex 40.92 -0.51 4.96
  vertex 40.92 0.51 4.96
  vertex 41.88 0.51 4.96
 endloop
endfacet
facet normal 0 0 -1
 outer loop
  vertex 40.92 -0.51 4.96
  vertex 41.88 0.51 4.96
  vertex 41.88 -0.51 4.96
 endloop
endfacet
facet normal 0 0 1
 outer loop
  vertex 40.92 -0.51 5.92
  vertex 41.88 -0.51 5.92
  vertex 41.88 0.51 5.92
 endloop
endfacet
facet normal 0 0 1
 outer loop
  vertex 40.92 -0.51 5.92
  vertex 41.88 0.51 5.92
  vertex 40.92 0.51 5.92
 endloop
endfacet
facet normal 0 -1 0
 outer loop
  vertex 40.92 -0.51 4.96
  vertex 41.88 -0.51 4.96
  vertex 41.88 -0.51 5.92
 endloop
endfacet
facet normal 0 -1 0
 outer loop
  vertex 40.92 -0.51 4.96
  vertex 41.88 -0.51 5.92
  vertex 40.92 -0.51 5.92
 endloop
endfacet
facet normal 0 1 0
 outer loop
  vertex 40.92 0.51 4.96
  vertex 40.92 0.51 5.92
  vertex 41.88 0.51 5.92
 endloop
endfacet
facet normal 0 1 0
 outer loop
  vertex 40.92 0.51 4.96
  vertex 41.88 0.51 5.92
  vertex 41.88 0.51 4.96
 endloop
endfacet
facet normal -1 0 0
 outer loop
  vertex 40.92 -0.51 4.96
  vertex 40.92 -0.51 5.92
  vertex 40.92 0.51 5.92
 endloop
endfacet
facet normal -1 0 0
 outer loop
  vertex 40.92 -0.51 4.96
  vertex 40.92 0.51 5.92
  vertex 40.92 0.51 4.96
 endloop
endfacet
facet normal 1 0 0
 outer loop
  vertex 41.88 -0.51 4.96
  vertex 41.88 0.51 4.96
  vertex 41.88 0.51 5.92
 endloop
endfacet
facet normal 1 0 0
 outer loop
  vertex 41.88 -0.51 4.96
  vertex 41.88 0.51 5.92
  vertex 41.88 -0.51 5.92
 endloop
endfacet
facet normal 0 0 -1
 outer loop
  vertex 40.92 -0.51 3.72
  vertex 40.92 0.51 3.72
  vertex 41.88 0.51 3.72
 endloop
endfacet
facet normal 0 0 -1
 outer loop
  vertex 40.92 -0.51 3.72
  vertex 41.88 0.51 3.72
  vertex 41.88 -0.51 3.72
 endloop
endfacet
facet normal 0 0 1
 outer loop
  vertex 40.92 -0.51 4.68
  vertex 41.88 -0.51 4.68
  vertex 41.88 0.51 4.68
 endloop
endfacet
facet normal 0 0 1
 outer loop
  vertex 40.92 -0.51 4.68
  vertex 41.88 0.51 4.68
  vertex 40.92 0.51 4.68
 endloop
endfacet
facet normal 0 -1 0
 outer loop
  vertex 40.92 -0.51 3.72
  vertex 41.88 -0.51 3.72
  vertex 41.88 -0.51 4.68
 endloop
endfacet
facet normal 0 -1 0
 outer loop
  vertex 40.92 -0.51 3.72
  vertex 41.88 -0.51 4.68
  vertex 40.92 -0.51 4.68
 endloop
endfacet
facet normal 0 1 0
 outer loop
  vertex 40.92 0.51 3.72
  vertex 40.92 0.51 4.68
  vertex 41.88 0.51 4.68
 endloop
endfacet
facet normal 0 1 0
 outer loop
  vertex 40.92 0.51 3.72
  vertex 41.88 0.51 4.68
  vertex 41.88 0.51 3.72
 endloop
endfacet
facet normal -1 0 0
 outer loop
  vertex 40.92 -0.51 3.72
  vertex 40.92 -0.51 4.68
  vertex 40.92 0.51 4.68
 endloop
endfacet
facet normal -1 0 0
 outer loop
  vertex 40.92 -0.51 3.72
  vertex 40.92 0.51 4.68
  vertex 40.92 0.51 3.72
 endloop
endfacet
facet normal 1 0 0
 outer loop
  vertex 41.88 -0.51 3.72
  vertex 41.88 0.51 3.72
  vertex 41.88 0.51 4.68
 endloop
endfacet
facet normal 1 0 0
 outer loop
  vertex 41.88 -0.51 3.72
  vertex 41.88 0.51 4.68
  vertex 41.88 -0.51 4.68
 endloop
endfacet
facet normal 0 0 -1
 outer loop
  vertex 40.92 -0.51 2.48
  vertex 40.92 0.51 2.48
  vertex 41.88 0.51 2.48
 endloop
endfacet
facet normal 0 0 -1
 outer loop
  vertex 40.92 -0.51 2.48
  vertex 41.88 0.51 2.48
  vertex 41.88 -0.51 2.48
 endloop
endfacet
facet normal 0 0 1
 outer loop
  vertex 40.92 -0.51 3.44
  vertex 41.88 -0.51 3.44
  vertex 41.88 0.51 3.44
 endloop
endfacet
facet normal 0 0 1
 outer loop
  vertex 40.92 -0.51 3.44
  vertex 41.88 0.51 3.44
  vertex 40.92 0.51 3.44
 endloop
endfacet
facet normal 0 -1 0
 outer loop
  vertex 40.92 -0.51 2.48
  vertex 41.88 -0.51 2.48
  vertex 41.88 -0.51 3.44
 endloop
endfacet
facet normal 0 -1 0
 outer loop
  vertex 40.92 -0.51 2.48
  vertex 41.88 -0.51 3.44
  vertex 40.92 -0.51 3.44
 endloop
endfacet
facet normal 0 1 0
 outer loop
  vertex 40.92 0.51 2.48
  vertex 40.92 0.51 3.44
  vertex 41.88 0.51 3.44
 endloop
endfacet
facet normal 0 1 0
 outer loop
  vertex 40.92 0.51 2.48
  vertex 41.88 0.51 3.44
  vertex 41.88 0.51 2.48
 endloop
endfacet
facet normal -1 0 0
 outer loop
  vertex 40.92 -0.51 2.48
  vertex 40.92 -0.51 3.44
  vertex 40.92 0.51 3.44
 endloop
endfacet
facet normal -1 0 0
 outer loop
  vertex 40.92 -0.51 2.48
  vertex 40.92 0.51 3.44
  vertex 40.92 0.51 2.48
 endloop
endfacet
facet normal 1 0 0
 outer loop
  vertex 41.88 -0.51 2.48
  vertex 41.88 0.51 2.48
  vertex 41.88 0.51 3.44
 endloop
endfacet
facet normal 1 0 0
 outer loop
  vertex 41.88 -0.51 2.48
  vertex 41.88 0.51 3.44
  vertex 41.88 -0.51 3.44
 endloop
endfacet
facet normal 0 0 -1
 outer loop
  vertex 40.92 -0.51 1.24
  vertex 40.92 0.51 1.24
  vertex 41.88 0.51 1.24
 endloop
endfacet
facet normal 0 0 -1
 outer loop
  vertex 40.92 -0.51 1.24
  vertex 41.88 0.51 1.24
  vertex 41.88 -0.51 1.24
 endloop
endfacet
facet normal 0 0 1
 outer loop
  vertex 40.92 -0.51 2.2
  vertex 41.88 -0.51 2.2
  vertex 41.88 0.51 2.2
 endloop
endfacet
facet normal 0 0 1
 outer loop
  vertex 40.92 -0.51 2.2
  vertex 41.88 0.51 2.2
  vertex 40.92 0.51 2.2
 endloop
endfacet
facet normal 0 -1 0
 outer loop
  vertex 40.92 -0.51 1.24
  vertex 41.88 -0.51 1.24
  vertex 41.88 -0.51 2.2
 endloop
endfacet
facet normal 0 -1 0
 outer loop
  vertex 40.92 -0.51 1.24
  vertex 41.88 -0.51 2.2
  vertex 40.92 -0.51 2.2
 endloop
endfacet
facet normal 0 1 0
 outer loop
  vertex 40.92 0.51 1.24
  vertex 40.92 0.51 2.2
  vertex 41.88 0.51 2.2
 endloop
endfacet
facet normal 0 1 0
 outer loop
  vertex 40.92 0.51 1.24
  vertex 41.88 0.51 2.2
  vertex 41.88 0.51 1.24
 endloop
endfacet
facet normal -1 0 0
 outer loop
  vertex 40.92 -0.51 1.24
  vertex 40.92 -0.51 2.2
  vertex 40.92 0.51 2.2
 endloop
endfacet
facet normal -1 0 0
 outer loop
  vertex 40.92 -0.51 1.24
  vertex 40.92 0.51 2.2
  vertex 40.92 0.51 1.24
 endloop
endfacet
facet normal 1 0 0
 outer loop
  vertex 41.88 -0.51 1.24
  vertex 41.88 0.51 1.24
  vertex 41.88 0.51 2.2
 endloop
endfacet
facet normal 1 0 0
 outer loop
  vertex 41.88 -0.51 1.24
  vertex 41.88 0.51 2.2
  vertex 41.88 -0.51 2.2
 endloop
endfacet
facet normal 0 0 -1
 outer loop
  vertex 40.92 -0.51 0
  vertex 40.92 0.51 0
  vertex 41.88 0.51 0
 endloop
endfacet
facet normal 0 0 -1
 outer loop
  vertex 40.92 -0.51 0
  vertex 41.88 0.51 0
  vertex 41.88 -0.51 0
 endloop
endfacet
facet normal 0 0 1
 outer loop
  vertex 40.92 -0.51 0.96
  vertex 41.88 -0.51 0.96
  vertex 41.88 0.51 0.96
 endloop
endfacet
facet normal 0 0 1
 outer loop
  vertex 40.92 -0.51 0.96
  vertex 41.88 0.51 0.96
  vertex 40.92 0.51 0.96
 endloop
endfacet
facet normal 0 -1 0
 outer loop
  vertex 40.92 -0.51 0
  vertex 41.88 -0.51 0
  vertex 41.88 -0.51 0.96
 endloop
endfacet
facet normal 0 -1 0
 outer loop
  vertex 40.92 -0.51 0
  vertex 41.88 -0.51 0.96
  vertex 40.92 -0.51 0.96
 endloop
endfacet
facet normal 0 1 0
 outer loop
  vertex 40.92 0.51 0
  vertex 40.92 0.51 0.96
  vertex 41.88 0.51 0.96
 endloop
endfacet
facet normal 0 1 0
 outer loop
  vertex 40.92 0.51 0
  vertex 41.88 0.51 0.96
  vertex 41.88 0.51 0
 endloop
endfacet
facet normal -1 0 0
 outer loop
  vertex 40.92 -0.51 0
  vertex 40.92 -0.51 0.96
  vertex 40.92 0.51 0.96
 endloop
endfacet
facet normal -1 0 0
 outer loop
  vertex 40.92 -0.51 0
  vertex 40.92 0.51 0.96
  vertex 40.92 0.51 0
 endloop
endfacet
facet normal 1 0 0
 outer loop
  vertex 41.88 -0.51 0
  vertex 41.88 0.51 0
  vertex 41.88 0.51 0.96
 endloop
endfacet
facet normal 1 0 0
 outer loop
  vertex 41.88 -0.51 0
  vertex 41.88 0.51 0.96
  vertex 41.88 -0.51 0.96
 endloop
endfacet
facet normal 0 0 -1
 outer loop
  vertex 42.16 -0.51 6.2
  vertex 42.16 0.51 6.2
  vertex 43.12 0.51 6.2
 endloop
endfacet
facet normal 0 0 -1
 outer loop
  vertex 42.16 -0.51 6.2
  vertex 43.12 0.51 6.2
  vertex 43.12 -0.51 6.2
 endloop
endfacet
facet normal 0 0 1
 outer loop
  vertex 42.16 -0.51 7.16
  vertex 43.12 -0.51 7.16
  vertex 43.12 0.51 7.16
 endloop
endfacet
facet normal 0 0 1
 outer loop
  vertex 42.16 -0.51 7.16
  vertex 43.12 0.51 7.16
  vertex 42.16 0.51 7.16
 endloop
endfacet
facet normal 0 -1 0
 outer loop
  vertex 42.16 -0.51 6.2
  vertex 43.12 -0.51 6.2
  vertex 43.12 -0.51 7.16
 endloop
endfacet
facet normal 0 -1 0
 outer loop
  vertex 42.16 -0.51 6.2
  vertex 43.12 -0.51 7.16
  vertex 42.16 -0.51 7.16
 endloop
endfacet
facet normal 0 1 0
 outer loop
  vertex 42.16 0.51 6.2
  vertex 42.16 0.51 7.16
  vertex 43.12 0.51 7.16
 endloop
endfacet
facet normal 0 1 0
 outer loop
  vertex 42.16 0.51 6.2
  vertex 43.12 0.51 7.16
  vertex 43.12 0.51 6.2
 endloop
endfacet
facet normal -1 0 0
 outer loop
  vertex 42.16 -0.51 6.2
  vertex 42.16 -0.51 7.16
  vertex 42.16 0.51 7.16
 endloop
endfacet
facet normal -1 0 0
 outer loop
  vertex 42.16 -0.51 6.2
  vertex 42.16 0.51 7.16
  vertex 42.16 0.51 6.2
 endloop
endfacet
facet normal 1 0 0
 outer loop
  vertex 43.12 -0.51 6.2
  vertex 43.12 0.51 6.2
  vertex 43.12 0.51 7.16
 endloop
endfacet
facet normal 1 0 0
 outer loop
  vertex 43.12 -0.51 6.2
  vertex 43.12 0.51 7.16
  vertex 43.12 -0.51 7.16
 endloop
endfacet
facet normal 0 0 -1
 outer loop
  vertex 42.16 -0.51 4.96
  vertex 42.16 0.51 4.96
  vertex 43.12 0.51 4.96
 endloop
endfacet
facet normal 0 0 -1
 outer loop
  vertex 42.16 -0.51 4.96
  vertex 43.12 0.51 4.96
  vertex 43.12 -0.51 4.96
 endloop
endfacet
facet normal 0 0 1
 outer loop
  vertex 42.16 -0.51 5.92
  vertex 43.12 -0.51 5.92
  vertex 43.12 0.51 5.92
 endloop
endfacet
facet normal 0 0 1
 outer loop
  vertex 42.16 -0.51 5.92
  vertex 43.12 0.51 5.92
  vertex 42.16 0.51 5.92
 endloop
endfacet
facet normal 0 -1 0
 outer loop
  vertex 42.16 -0.51 4.96
  vertex 43.12 -0.51 4.96
  vertex 43.12 -0.51 5.92
 endloop
endfacet
facet normal 0 -1 0
 outer loop
  vertex 42.16 -0.51 4.96
  vertex 43.12 -0.51 5.92
  vertex 42.16 -0.51 5.92
 endloop
endfacet
facet normal 0 1 0
 outer loop
  vertex 42.16 0.51 4.96
  vertex 42.16 0.51 5.92
  vertex 43.12 0.51 5.92
 endloop
endfacet
facet normal 0 1 0
 outer loop
  vertex 42.16 0.51 4.96
  vertex 43.12 0.51 5.92
  vertex 43.12 0.51 4.96
 endloop
endfacet
facet normal -1 0 0
 outer loop
  vertex 42.16 -0.51 4.96
  vertex 42.16 -0.51 5.92
  vertex 42.16 0.51 5.92
 endloop
endfacet
facet normal -1 0 0
 outer loop
  vertex 42.16 -0.51 4.96
  vertex 42.16 0.51 5.92
  vertex 42.16 0.51 4.96
 endloop
endfacet
facet normal 1 0 0
 outer loop
  vertex 43.12 -0.51 4.96
  vertex 43.12 0.51 4.96
  vertex 43.12 0.51 5.92
 endloop
endfacet
facet normal 1 0 0
 outer loop
  vertex 43.12 -0.51 4.96
  vertex 43.12 0.51 5.92
  vertex 43.12 -0.51 5.92
 endloop
endfacet
facet normal 0 0 -1
 outer loop
  vertex 42.16 -0.51 3.72
  vertex 42.16 0.51 3.72
  vertex 43.12 0.51 3.72
 endloop
endfacet
facet normal 0 0 -1
 outer loop
  vertex 42.16 -0.51 3.72
  vertex 43.12 0.51 3.72
  vertex 43.12 -0.51 3.72
 endloop
endfacet
facet normal 0 0 1
 outer loop
  vertex 42.16 -0.51 4.68
  vertex 43.12 -0.51 4.68
  vertex 43.12 0.51 4.68
 endloop
endfacet
facet normal 0 0 1
 outer loop
  vertex 42.16 -0.51 4.68
  vertex 43.12 0.51 4.68
  vertex 42.16 0.51 4.68
 endloop
endfacet
facet normal 0 -1 0
 outer loop
  vertex 42.16 -0.51 3.72
  vertex 43.12 -0.51 3.72
  vertex 43.12 -0.51 4.68
 endloop
endfacet
facet normal 0 -1 0
 outer loop
  vertex 42.16 -0.51 3.72
  vertex 43.12 -0.51 4.68
  vertex 42.16 -0.51 4.68
 endloop
endfacet
facet normal 0 1 0
 outer loop
  vertex 42.16 0.51 3.72
  vertex 42.16 0.51 4.68
  vertex 43.12 0.51 4.68
 endloop
endfacet
facet normal 0 1 0
 outer loop
  vertex 42.16 0.51 3.72
  vertex 43.12 0.51 4.68
  vertex 43.12 0.51 3.72
 endloop
endfacet
facet normal -1 0 0
 outer loop
  vertex 42.16 -0.51 3.72
  vertex 42.16 -0.51 4.68
  vertex 42.16 0.51 4.68
 endloop
endfacet
facet normal -1 0 0
 outer loop
  vertex 42.16 -0.51 3.72
  vertex 42.16 0.51 4.68
  vertex 42.16 0.51 3.72
 endloop
endfacet
facet normal 1 0 0
 outer loop
  vertex 43.12 -0.51 3.72
  vertex 43.12 0.51 3.72
  vertex 43.12 0.51 4.68
 endloop
endfacet
facet normal 1 0 0
 outer loop
  vertex 43.12 -0.51 3.72
  vertex 43.12 0.51 4.68
  vertex 43.12 -0.51 4.68
 endloop
endfacet
facet normal 0 0 -1
 outer loop
  vertex 42.16 -0.51 2.48
  vertex 42.16 0.51 2.48
  vertex 43.12 0.51 2.48
 endloop
endfacet
facet normal 0 0 -1
 outer loop
  vertex 42.16 -0.51 2.48
  vertex 43.12 0.51 2.48
  vertex 43.12 -0.51 2.48
 endloop
endfacet
facet normal 0 0 1
 outer loop
  vertex 42.16 -0.51 3.44
  vertex 43.12 -0.51 3.44
  vertex 43.12 0.51 3.44
 endloop
endfacet
facet normal 0 0 1
 outer loop
  vertex 42.16 -0.51 3.44
  vertex 43.12 0.51 3.44
  vertex 42.16 0.51 3.44
 endloop
endfacet
facet normal 0 -1 0
 outer loop
  vertex 42.16 -0.51 2.48
  vertex 43.12 -0.51 2.48
  vertex 43.12 -0.51 3.44
 endloop
endfacet
facet normal 0 -1 0
 outer loop
  vertex 42.16 -0.51 2.48
  vertex 43.12 -0.51 3.44
  vertex 42.16 -0.51 3.44
 endloop
endfacet
facet normal 0 1 0
 outer loop
  vertex 42.16 0.51 2.48
  vertex 42.16 0.51 3.44
  vertex 43.12 0.51 3.44
 endloop
endfacet
facet normal 0 1 0
 outer loop
  vertex 42.16 0.51 2.48
  vertex 43.12 0.51 3.44
  vertex 43.12 0.51 2.48
 endloop
endfacet
facet normal -1 0 0
 outer loop
  vertex 42.16 -0.51 2.48
  vertex 42.16 -0.51 3.44
  vertex 42.16 0.51 3.44
 endloop
endfacet
facet normal -1 0 0
 outer loop
  vertex 42.16 -0.51 2.48
  vertex 42.16 0.51 3.44
  vertex 42.16 0.51 2.48
 endloop
endfacet
facet normal 1 0 0
 outer loop
  vertex 43.12 -0.51 2.48
  vertex 43.12 0.51 2.48
  vertex 43.12 0.51 3.44
 endloop
endfacet
facet normal 1 0 0
 outer loop
  vertex 43.12 -0.51 2.48
  vertex 43.12 0.51 3.44
  vertex 43.12 -0.51 3.44
 endloop
endfacet
facet normal 0 0 -1
 outer loop
  vertex 42.16 -0.51 1.24
  vertex 42.16 0.51 1.24
  vertex 43.12 0.51 1.24
 endloop
endfacet
facet normal 0 0 -1
 outer loop
  vertex 42.16 -0.51 1.24
  vertex 43.12 0.51 1.24
  vertex 43.12 -0.51 1.24
 endloop
endfacet
facet normal 0 0 1
 outer loop
  vertex 42.16 -0.51 2.2
  vertex 43.12 -0.51 2.2
  vertex 43.12 0.51 2.2
 endloop
endfacet
facet normal 0 0 1
 outer loop
  vertex 42.16 -0.51 2.2
  vertex 43.12 0.51 2.2
  vertex 42.16 0.51 2.2
 endloop
endfacet
facet normal 0 -1 0
 outer loop
  vertex 42.16 -0.51 1.24
  vertex 43.12 -0.51 1.24
  vertex 43.12 -0.51 2.2
 endloop
endfacet
facet normal 0 -1 0
 outer loop
  vertex 42.16 -0.51 1.24
  vertex 43.12 -0.51 2.2
  vertex 42.16 -0.51 2.2
 endloop
endfacet
facet normal 0 1 0
 outer loop
  vertex 42.16 0.51 1.24
  vertex 42.16 0.51 2.2
  vertex 43.12 0.51 2.2
 endloop
endfacet
facet normal 0 1 0
 outer loop
  vertex 42.16 0.51 1.24
  vertex 43.12 0.51 2.2
  vertex 43.12 0.51 1.24
 endloop
endfacet
facet normal -1 0 0
 outer loop
  vertex 42.16 -0.51 1.24
  vertex 42.16 -0.51 2.2
  vertex 42.16 0.51 2.2
 endloop
endfacet
facet normal -1 0 0
 outer loop
  vertex 42.16 -0.51 1.24
  vertex 42.16 0.51 2.2
  vertex 42.16 0.51 1.24
 endloop
endfacet
facet normal 1 0 0
 outer loop
  vertex 43.12 -0.51 1.24
  vertex 43.12 0.51 1.24
  vertex 43.12 0.51 2.2
 endloop
endfacet
facet normal 1 0 0
 outer loop
  vertex 43.12 -0.51 1.24
  vertex 43.12 0.51 2.2
  vertex 43.12 -0.51 2.2
 endloop
endfacet
facet normal 0 0 -1
 outer loop
  vertex 43.4 -0.51 6.2
  vertex 43.4 0.51 6.2
  vertex 44.36 0.51 6.2
 endloop
endfacet
facet normal 0 0 -1
 outer loop
  vertex 43.4 -0.51 6.2
  vertex 44.36 0.51 6.2
  vertex 44.36 -0.51 6.2
 endloop
endfacet
facet normal 0 0 1
 outer loop
  vertex 43.4 -0.51 7.16
  vertex 44.36 -0.51 7.16
  vertex 44.36 0.51 7.16
 endloop
endfacet
facet normal 0 0 1
 outer loop
  vertex 43.4 -0.51 7.16
  vertex 44.36 0.51 7.16
  vertex 43.4 0.51 7.16
 endloop
endfacet
facet normal 0 -1 0
 outer loop
  vertex 43.4 -0.51 6.2
  vertex 44.36 -0.51 6.2
  vertex 44.36 -0.51 7.16
 endloop
endfacet
facet normal 0 -1 0
 outer loop
  vertex 43.4 -0.51 6.2
  vertex 44.36 -0.51 7.16
  vertex 43.4 -0.51 7.16
 endloop
endfacet
facet normal 0 1 0
 outer loop
  vertex 43.4 0.51 6.2
  vertex 43.4 0.51 7.16
  vertex 44.36 0.51 7.16
 endloop
endfacet
facet normal 0 1 0
 outer loop
  vertex 43.4 0.51 6.2
  vertex 44.36 0.51 7.16
  vertex 44.36 0.51 6.2
 endloop
endfacet
facet normal -1 0 0
 outer loop
  vertex 43.4 -0.51 6.2
  vertex 43.4 -0.51 7.16
  vertex 43.4 0.51 7.16
 endloop
endfacet
facet normal -1 0 0
 outer loop
  vertex 43.4 -0.51 6.2
  vertex 43.4 0.51 7.16
  vertex 43.4 0.51 6.2
 endloop
endfacet
facet normal 1 0 0
 outer loop
  vertex 44.36 -0.51 6.2
  vertex 44.36 0.51 6.2
  vertex 44.36 0.51 7.16
 endloop
endfacet
facet normal 1 0 0
 outer loop
  vertex 44.36 -0.51 6.2
  vertex 44.36 0.51 7.16
  vertex 44.36 -0.51 7.16
 endloop
endfacet
facet normal 0 0 -1
 outer loop
  vertex 43.4 -0.51 4.96
  vertex 43.4 0.51 4.96
  vertex 44.36 0.51 4.96
 endloop
endfacet
facet normal 0 0 -1
 outer loop
  vertex 43.4 -0.51 4.96
  vertex 44.36 0.51 4.96
  vertex 44.36 -0.51 4.96
 endloop
endfacet
facet normal 0 0 1
 outer loop
  vertex 43.4 -0.51 5.92
  vertex 44.36 -0.51 5.92
  vertex 44.36 0.51 5.92
 endloop
endfacet
facet normal 0 0 1
 outer loop
  vertex 43.4 -0.51 5.92
  vertex 44.36 0.51 5.92
  vertex 43.4 0.51 5.92
 endloop
endfacet
facet normal 0 -1 0
 outer loop
  vertex 43.4 -0.51 4.96
  vertex 44.36 -0.51 4.96
  vertex 44.36 -0.51 5.92
 endloop
endfacet
facet normal 0 -1 0
 outer loop
  vertex 43.4 -0.51 4.96
  vertex 44.36 -0.51 5.92
  vertex 43.4 -0.51 5.92
 endloop
endfacet
facet normal 0 1 0
 outer loop
  vertex 43.4 0.51 4.96
  vertex 43.4 0.51 5.92
  vertex 44.36 0.51 5.92
 endloop
endfacet
facet normal 0 1 0
 outer loop
  vertex 43.4 0.51 4.96
  vertex 44.36 0.51 5.92
  vertex 44.36 0.51 4.96
 endloop
endfacet
facet normal -1 0 0
 outer loop
  vertex 43.4 -0.51 4.96
  vertex 43.4 -0.51 5.92
  vertex 43.4 0.51 5.92
 endloop
endfacet
facet normal -1 0 0
 outer loop
  vertex 43.4 -0.51 4.96
  vertex 43.4 0.51 5.92
  vertex 43.4 0.51 4.96
 endloop
endfacet
facet normal 1 0 0
 outer loop
  vertex 44.36 -0.51 4.96
  vertex 44.36 0.51 4.96
  vertex 44.36 0.51 5.92
 endloop
endfacet
facet normal 1 0 0
 outer loop
  vertex 44.36 -0.51 4.96
  vertex 44.36 0.51 5.92
  vertex 44.36 -0.51 5.92
 endloop
endfacet
facet normal 0 0 -1
 outer loop
  vertex 43.4 -0.51 3.72
  vertex 43.4 0.51 3.72
  vertex 44.36 0.51 3.72
 endloop
endfacet
facet normal 0 0 -1
 outer loop
  vertex 43.4 -0.51 3.72
  vertex 44.36 0.51 3.72
  vertex 44.36 -0.51 3.72
 endloop
endfacet
facet normal 0 0 1
 outer loop
  vertex 43.4 -0.51 4.68
  vertex 44.36 -0.51 4.68
  vertex 44.36 0.51 4.68
 endloop
endfacet
facet normal 0 0 1
 outer loop
  vertex 43.4 -0.51 4.68
  vertex 44.36 0.51 4.68
  vertex 43.4 0.51 4.68
 endloop
endfacet
facet normal 0 -1 0
 outer loop
  vertex 43.4 -0.51 3.72
  vertex 44.36 -0.51 3.72
  vertex 44.36 -0.51 4.68
 endloop
endfacet
facet normal 0 -1 0
 outer loop
  vertex 43.4 -0.51 3.72
  vertex 44.36 -0.51 4.68
  vertex 43.4 -0.51 4.68
 endloop
endfacet
facet normal 0 1 0
 outer loop
  vertex 43.4 0.51 3.72
  vertex 43.4 0.51 4.68
  vertex 44.36 0.51 4.68
 endloop
endfacet
facet normal 0 1 0
 outer loop
  vertex 43.4 0.51 3.72
  vertex 44.36 0.51 4.68
  vertex 44.36 0.51 3.72
 endloop
endfacet
facet normal -1 0 0
 outer loop
  vertex 43.4 -0.51 3.72
  vertex 43.4 -0.51 4.68
  vertex 43.4 0.51 4.68
 endloop
endfacet
facet normal -1 0 0
 outer loop
  vertex 43.4 -0.51 3.72
  vertex 43.4 0.51 4.68
  vertex 43.4 0.51 3.72
 endloop
endfacet
facet normal 1 0 0
 outer loop
  vertex 44.36 -0.51 3.72
  vertex 44.36 0.51 3.72
  vertex 44.36 0.51 4.68
 endloop
endfacet
facet normal 1 0 0
 outer loop
  vertex 44.36 -0.51 3.72
  vertex 44.36 0.51 4.68
  vertex 44.36 -0.51 4.68
 endloop
endfacet
facet normal 0 0 -1
 outer loop
  vertex 43.4 -0.51 2.48
  vertex 43.4 0.51 2.48
  vertex 44.36 0.51 2.48
 endloop
endfacet
facet normal 0 0 -1
 outer loop
  vertex 43.4 -0.51 2.48
  vertex 44.36 0.51 2.48
  vertex 44.36 -0.51 2.48
 endloop
endfacet
facet normal 0 0 1
 outer loop
  vertex 43.4 -0.51 3.44
  vertex 44.36 -0.51 3.44
  vertex 44.36 0.51 3.44
 endloop
endfacet
facet normal 0 0 1
 outer loop
  vertex 43.4 -0.51 3.44
  vertex 44.36 0.51 3.44
  vertex 43.4 0.51 3.44
 endloop
endfacet
facet normal 0 -1 0
 outer loop
  vertex 43.4 -0.51 2.48
  vertex 44.36 -0.51 2.48
  vertex 44.36 -0.51 3.44
 endloop
endfacet
facet normal 0 -1 0
 outer loop
  vertex 43.4 -0.51 2.48
  vertex 44.36 -0.51 3.44
  vertex 43.4 -0.51 3.44
 endloop
endfacet
facet normal 0 1 0
 outer loop
  vertex 43.4 0.51 2.48
  vertex 43.4 0.51 3.44
  vertex 44.36 0.51 3.44
 endloop
endfacet
facet normal 0 1 0
 outer loop
  vertex 43.4 0.51 2.48
  vertex 44.36 0.51 3.44
  vertex 44.36 0.51 2.48
 endloop
endfacet
facet normal -1 0 0
 outer loop
  vertex 43.4 -0.51 2.48
  vertex 43.4 -0.51 3.44
  vertex 43.4 0.51 3.44
 endloop
endfacet
facet normal -1 0 0
 outer loop
  vertex 43.4 -0.51 2.48
  vertex 43.4 0.51 3.44
  vertex 43.4 0.51 2.48
 endloop
endfacet
facet normal 1 0 0
 outer loop
  vertex 44.36 -0.51 2.48
  vertex 44.36 0.51 2.48
  vertex 44.36 0.51 3.44
 endloop
endfacet
facet normal 1 0 0
 outer loop
  vertex 44.36 -0.51 2.48
  vertex 44.36 0.51 3.44
  vertex 44.36 -0.51 3.44
 endloop
endfacet
facet normal 0 0 -1
 outer loop
  vertex 44.64 -0.51 4.96
  vertex 44.64 0.51 4.96
  vertex 45.6 0.51 4.96
 endloop
endfacet
facet normal 0 0 -1
 outer loop
  vertex 44.64 -0.51 4.96
  vertex 45.6 0.51 4.96
  vertex 45.6 -0.51 4.96
 endloop
endfacet
facet normal 0 0 1
 outer loop
  vertex 44.64 -0.51 5.92
  vertex 45.6 -0.51 5.92
  vertex 45.6 0.51 5.92
 endloop
endfacet
facet normal 0 0 1
 outer loop
  vertex 44.64 -0.51 5.92
  vertex 45.6 0.51 5.92
  vertex 44.64 0.51 5.92
 endloop
endfacet
facet normal 0 -1 0
 outer loop
  vertex 44.64 -0.51 4.96
  vertex 45.6 -0.51 4.96
  vertex 45.6 -0.51 5.92
 endloop
endfacet
facet normal 0 -1 0
 outer loop
  vertex 44.64 -0.51 4.96
  vertex 45.6 -0.51 5.92
  vertex 44.64 -0.51 5.92
 endloop
endfacet
facet normal 0 1 0
 outer loop
  vertex 44.64 0.51 4.96
  vertex 44.64 0.51 5.92
  vertex 45.6 0.51 5.92
 endloop
endfacet
facet normal 0 1 0
 outer loop
  vertex 44.64 0.51 4.96
  vertex 45.6 0.51 5.92
  vertex 45.6 0.51 4.96
 endloop
endfacet
facet normal -1 0 0
 outer loop
  vertex 44.64 -0.51 4.96
  vertex 44.64 -0.51 5.92
  vertex 44.64 0.51 5.92
 endloop
endfacet
facet normal -1 0 0
 outer loop
  vertex 44.64 -0.51 4.96
  vertex 44.64 0.51 5.92
  vertex 44.64 0.51 4.96
 endloop
endfacet
facet normal 1 0 0
 outer loop
  vertex 45.6 -0.51 4.96
  vertex 45.6 0.51 4.96
  vertex 45.6 0.51 5.92
 endloop
endfacet
facet normal 1 0 0
 outer loop
  vertex 45.6 -0.51 4.96
  vertex 45.6 0.51 5.92
  vertex 45.6 -0.51 5.92
 endloop
endfacet
facet normal 0 0 -1
 outer loop
  vertex 44.64 -0.51 3.72
  vertex 44.64 0.51 3.72
  vertex 45.6 0.51 3.72
 endloop
endfacet
facet normal 0 0 -1
 outer loop
  vertex 44.64 -0.51 3.72
  vertex 45.6 0.51 3.72
  vertex 45.6 -0.51 3.72
 endloop
endfacet
facet normal 0 0 1
 outer loop
  vertex 44.64 -0.51 4.68
  vertex 45.6 -0.51 4.68
  vertex 45.6 0.51 4.68
 endloop
endfacet
facet normal 0 0 1
 outer loop
  vertex 44.64 -0.51 4.68
  vertex 45.6 0.51 4.68
  vertex 44.64 0.51 4.68
 endloop
endfacet
facet normal 0 -1 0
 outer loop
  vertex 44.64 -0.51 3.72
  vertex 45.6 -0.51 3.72
  vertex 45.6 -0.51 4.68
 endloop
endfacet
facet normal 0 -1 0
 outer loop
  vertex 44.64 -0.51 3.72
  vertex 45.6 -0.51 4.68
  vertex 44.64 -0.51 4.68
 endloop
endfacet
facet normal 0 1 0
 outer loop
  vertex 44.64 0.51 3.72
  vertex 44.64 0.51 4.68
  vertex 45.6 0.51 4.68
 endloop
endfacet
facet normal 0 1 0
 outer loop
  vertex 44.64 0.51 3.72
  vertex 45.6 0.51 4.68
  vertex 45.6 0.51 3.72
 endloop
endfacet
facet normal -1 0 0
 outer loop
  vertex 44.64 -0.51 3.72
  vertex 44.64 -0.51 4.68
  vertex 44.64 0.51 4.68
 endloop
endfacet
facet normal -1 0 0
 outer loop
  vertex 44.64 -0.51 3.72
  vertex 44.64 0.51 4.68
  vertex 44.64 0.51 3.72
 endloop
endfacet
facet normal 1 0 0
 outer loop
  vertex 45.6 -0.51 3.72
  vertex 45.6 0.51 3.72
  vertex 45.6 0.51 4.68
 endloop
endfacet
facet normal 1 0 0
 outer loop
  vertex 45.6 -0.51 3.72
  vertex 45.6 0.51 4.68
  vertex 45.6 -0.51 4.68
 endloop
endfacet
facet normal 0 0 -1
 outer loop
  vertex 49.6 -0.36 4.96
  vertex 49.6 0.36 4.96
  vertex 50.56 0.36 4.96
 endloop
endfacet
facet normal 0 0 -1
 outer loop
  vertex 49.6 -0.36 4.96
  vertex 50.56 0.36 4.96
  vertex 50.56 -0.36 4.96
 endloop
endfacet
facet normal 0 0 1
 outer loop
  vertex 49.6 -0.36 5.92
  vertex 50.56 -0.36 5.92
  vertex 50.56 0.36 5.92
 endloop
endfacet
facet normal 0 0 1
 outer loop
  vertex 49.6 -0.36 5.92
  vertex 50.56 0.36 5.92
  vertex 49.6 0.36 5.92
 endloop
endfacet
facet normal 0 -1 0
 outer loop
  vertex 49.6 -0.36 4.96
  vertex 50.56 -0.36 4.96
  vertex 50.56 -0.36 5.92
 endloop
endfacet
facet normal 0 -1 0
 outer loop
  vertex 49.6 -0.36 4.96
  vertex 50.56 -0.36 5.92
  vertex 49.6 -0.36 5.92
 endloop
endfacet
facet normal 0 1 0
 outer loop
  vertex 49.6 0.36 4.96
  vertex 49.6 0.36 5.92
  vertex 50.56 0.36 5.92
 endloop
endfacet
facet normal 0 1 0
 outer loop
  vertex 49.6 0.36 4.96
  vertex 50.56 0.36 5.92
  vertex 50.56 0.36 4.96
 endloop
endfacet
facet normal -1 0 0
 outer loop
  vertex 49.6 -0.36 4.96
  vertex 49.6 -0.36 5.92
  vertex 49.6 0.36 5.92
 endloop
endfacet
facet normal -1 0 0
 outer loop
  vertex 49.6 -0.36 4.96
  vertex 49.6 0.36 5.92
  vertex 49.6 0.36 4.96
 endloop
endfacet
facet normal 1 0 0
 outer loop
  vertex 50.56 -0.36 4.96
  vertex 50.56 0.36 4.96
  vertex 50.56 0.36 5.92
 endloop
endfacet
facet normal 1 0 0
 outer loop
  vertex 50.56 -0.36 4.96
  vertex 50.56 0.36 5.92
  vertex 50.56 -0.36 5.92
 endloop
endfacet
facet normal 0 0 -1
 outer loop
  vertex 49.6 -0.36 3.72
  vertex 49.6 0.36 3.72
  vertex 50.56 0.36 3.72
 endloop
endfacet
facet normal 0 0 -1
 outer loop
  vertex 49.6 -0.36 3.72
  vertex 50.56 0.36 3.72
  vertex 50.56 -0.36 3.72
 endloop
endfacet
facet normal 0 0 1
 outer loop
  vertex 49.6 -0.36 4.68
  vertex 50.56 -0.36 4.68
  vertex 50.56 0.36 4.68
 endloop
endfacet
facet normal 0 0 1
 outer loop
  vertex 49.6 -0.36 4.68
  vertex 50.56 0.36 4.68
  vertex 49.6 0.36 4.68
 endloop
endfacet
facet normal 0 -1 0
 outer loop
  vertex 49.6 -0.36 3.72
  vertex 50.56 -0.36 3.72
  vertex 50.56 -0.36 4.68
 endloop
endfacet
facet normal 0 -1 0
 outer loop
  vertex 49.6 -0.36 3.72
  vertex 50.56 -0.36 4.68
  vertex 49.6 -0.36 4.68
 endloop
endfacet
facet normal 0 1 0
 outer loop
  vertex 49.6 0.36 3.72
  vertex 49.6 0.36 4.68
  vertex 50.56 0.36 4.68
 endloop
endfacet
facet normal 0 1 0
 outer loop
  vertex 49.6 0.36 3.72
  vertex 50.56 0.36 4.68
  vertex 50.56 0.36 3.72
 endloop
endfacet
facet normal -1 0 0
 outer loop
  vertex 49.6 -0.36 3.72
  vertex 49.6 -0.36 4.68
  vertex 49.6 0.36 4.68
 endloop
endfacet
facet normal -1 0 0
 outer loop
  vertex 49.6 -0.36 3.72
  vertex 49.6 0.36 4.68
  vertex 49.6 0.36 3.72
 endloop
endfacet
facet normal 1 0 0
 outer loop
  vertex 50.56 -0.36 3.72
  vertex 50.56 0.36 3.72
  vertex 50.56 0.36 4.68
 endloop
endfacet
facet normal 1 0 0
 outer loop
  vertex 50.56 -0.36 3.72
  vertex 50.56 0.36 4.68
  vertex 50.56 -0.36 4.68
 endloop
endfacet
facet normal 0 0 -1
 outer loop
  vertex 50.84 -0.36 6.2
  vertex 50.84 0.36 6.2
  vertex 51.8 0.36 6.2
 endloop
endfacet
facet normal 0 0 -1
 outer loop
  vertex 50.84 -0.36 6.2
  vertex 51.8 0.36 6.2
  vertex 51.8 -0.36 6.2
 endloop
endfacet
facet normal 0 0 1
 outer loop
  vertex 50.84 -0.36 7.16
  vertex 51.8 -0.36 7.16
  vertex 51.8 0.36 7.16
 endloop
endfacet
facet normal 0 0 1
 outer loop
  vertex 50.84 -0.36 7.16
  vertex 51.8 0.36 7.16
  vertex 50.84 0.36 7.16
 endloop
endfacet
facet normal 0 -1 0
 outer loop
  vertex 50.84 -0.36 6.2
  vertex 51.8 -0.36 6.2
  vertex 51.8 -0.36 7.16
 endloop
endfacet
facet normal 0 -1 0
 outer loop
  vertex 50.84 -0.36 6.2
  vertex 51.8 -0.36 7.16
  vertex 50.84 -0.36 7.16
 endloop
endfacet
facet normal 0 1 0
 outer loop
  vertex 50.84 0.36 6.2
  vertex 50.84 0.36 7.16
  vertex 51.8 0.36 7.16
 endloop
endfacet
facet normal 0 1 0
 outer loop
  vertex 50.84 0.36 6.2
  vertex 51.8 0.36 7.16
  vertex 51.8 0.36 6.2
 endloop
endfacet
facet normal -1 0 0
 outer loop
  vertex 50.84 -0.36 6.2
  vertex 50.84 -0.36 7.16
  vertex 50.84 0.36 7.16
 endloop
endfacet
facet normal -1 0 0
 outer loop
  vertex 50.84 -0.36 6.2
  vertex 50.84 0.36 7.16
  vertex 50.84 0.36 6.2
 endloop
endfacet
facet normal 1 0 0
 outer loop
  vertex 51.8 -0.36 6.2
  vertex 51.8 0.36 6.2
  vertex 51.8 0.36 7.16
 endloop
endfacet
facet normal 1 0 0
 outer loop
  vertex 51.8 -0.36 6.2
  vertex 51.8 0.36 7.16
  vertex 51.8 -0.36 7.16
 endloop
endfacet
facet normal 0 0 -1
 outer loop
  vertex 50.84 -0.36 4.96
  vertex 50.84 0.36 4.96
  vertex 51.8 0.36 4.96
 endloop
endfacet
facet normal 0 0 -1
 outer loop
  vertex 50.84 -0.36 4.96
  vertex 51.8 0.36 4.96
  vertex 51.8 -0.36 4.96
 endloop
endfacet
facet normal 0 0 1
 outer loop
  vertex 50.84 -0.36 5.92
  vertex 51.8 -0.36 5.92
  vertex 51.8 0.36 5.92
 endloop
endfacet
facet normal 0 0 1
 outer loop
  vertex 50.84 -0.36 5.92
  vertex 51.8 0.36 5.92
  vertex 50.84 0.36 5.92
 endloop
endfacet
facet normal 0 -1 0
 outer loop
  vertex 50.84 -0.36 4.96
  vertex 51.8 -0.36 4.96
  vertex 51.8 -0.36 5.92
 endloop
endfacet
facet normal 0 -1 0
 outer loop
  vertex 50.84 -0.36 4.96
  vertex 51.8 -0.36 5.92
  vertex 50.84 -0.36 5.92
 endloop
endfacet
facet normal 0 1 0
 outer loop
  vertex 50.84 0.36 4.96
  vertex 50.84 0.36 5.92
  vertex 51.8 0.36 5.92
 endloop
endfacet
facet normal 0 1 0
 outer loop
  vertex 50.84 0.36 4.96
  vertex 51.8 0.36 5.92
  vertex 51.8 0.36 4.96
 endloop
endfacet
facet normal -1 0 0
 outer loop
  vertex 50.84 -0.36 4.96
  vertex 50.84 -0.36 5.92
  vertex 50.84 0.36 5.92
 endloop
endfacet
facet normal -1 0 0
 outer loop
  vertex 50.84 -0.36 4.96
  vertex 50.84 0.36 5.92
  vertex 50.84 0.36 4.96
 endloop
endfacet
facet normal 1 0 0
 outer loop
  vertex 51.8 -0.36 4.96
  vertex 51.8 0.36 4.96
  vertex 51.8 0.36 5.92
 endloop
endfacet
facet normal 1 0 0
 outer loop
  vertex 51.8 -0.36 4.96
  vertex 51.8 0.36 5.92
  vertex 51.8 -0.36 5.92
 endloop
endfacet
facet normal 0 0 -1
 outer loop
  vertex 50.84 -0.36 3.72
  vertex 50.84 0.36 3.72
  vertex 51.8 0.36 3.72
 endloop
endfacet
facet normal 0 0 -1
 outer loop
  vertex 50.84 -0.36 3.72
  vertex 51.8 0.36 3.72
  vertex 51.8 -0.36 3.72
 endloop
endfacet
facet normal 0 0 1
 outer loop
  vertex 50.84 -0.36 4.68
  vertex 51.8 -0.36 4.68
  vertex 51.8 0.36 4.68
 endloop
endfacet
facet normal 0 0 1
 outer loop
  vertex 50.84 -0.36 4.68
  vertex 51.8 0.36 4.68
  vertex 50.84 0.36 4.68
 endloop
endfacet
facet normal 0 -1 0
 outer loop
  vertex 50.84 -0.36 3.72
  vertex 51.8 -0.36 3.72
  vertex 51.8 -0.36 4.68
 endloop
endfacet
facet normal 0 -1 0
 outer loop
  vertex 50.84 -0.36 3.72
  vertex 51.8 -0.36 4.68
  vertex 50.84 -0.36 4.68
 endloop
endfacet
facet normal 0 1 0
 outer loop
  vertex 50.84 0.36 3.72
  vertex 50.84 0.36 4.68
  vertex 51.8 0.36 4.68
 endloop
endfacet
facet normal 0 1 0
 outer loop
  vertex 50.84 0.36 3.72
  vertex 51.8 0.36 4.68
  vertex 51.8 0.36 3.72
 endloop
endfacet
facet normal -1 0 0
 outer loop
  vertex 50.84 -0.36 3.72
  vertex 50.84 -0.36 4.68
  vertex 50.84 0.36 4.68
 endloop
endfacet
facet normal -1 0 0
 outer loop
  vertex 50.84 -0.36 3.72
  vertex 50.84 0.36 4.68
  vertex 50.84 0.36 3.72
 endloop
endfacet
facet normal 1 0 0
 outer loop
  vertex 51.8 -0.36 3.72
  vertex 51.8 0.36 3.72
  vertex 51.8 0.36 4.68
 endloop
endfacet
facet normal 1 0 0
 outer loop
  vertex 51.8 -0.36 3.72
  vertex 51.8 0.36 4.68
  vertex 51.8 -0.36 4.68
 endloop
endfacet
facet normal 0 0 -1
 outer loop
  vertex 50.84 -0.36 2.48
  vertex 50.84 0.36 2.48
  vertex 51.8 0.36 2.48
 endloop
endfacet
facet normal 0 0 -1
 outer loop
  vertex 50.84 -0.36 2.48
  vertex 51.8 0.36 2.48
  vertex 51.8 -0.36 2.48
 endloop
endfacet
facet normal 0 0 1
 outer loop
  vertex 50.84 -0.36 3.44
  vertex 51.8 -0.36 3.44
  vertex 51.8 0.36 3.44
 endloop
endfacet
facet normal 0 0 1
 outer loop
  vertex 50.84 -0.36 3.44
  vertex 51.8 0.36 3.44
  vertex 50.84 0.36 3.44
 endloop
endfacet
facet normal 0 -1 0
 outer loop
  vertex 50.84 -0.36 2.48
  vertex 51.8 -0.36 2.48
  vertex 51.8 -0.36 3.44
 endloop
endfacet
facet normal 0 -1 0
 outer loop
  vertex 50.84 -0.36 2.48
  vertex 51.8 -0.36 3.44
  vertex 50.84 -0.36 3.44
 endloop
endfacet
facet normal 0 1 0
 outer loop
  vertex 50.84 0.36 2.48
  vertex 50.84 0.36 3.44
  vertex 51.8 0.36 3.44
 endloop
endfacet
facet normal 0 1 0
 outer loop
  vertex 50.84 0.36 2.48
  vertex 51.8 0.36 3.44
  vertex 51.8 0.36 2.48
 endloop
endfacet
facet normal -1 0 0
 outer loop
  vertex 50.84 -0.36 2.48
  vertex 50.84 -0.36 3.44
  vertex 50.84 0.36 3.44
 endloop
endfacet
facet normal -1 0 0
 outer loop
  vertex 50.84 -0.36 2.48
  vertex 50.84 0.36 3.44
  vertex 50.84 0.36 2.48
 endloop
endfacet
facet normal 1 0 0
 outer loop
  vertex 51.8 -0.36 2.48
  vertex 51.8 0.36 2.48
  vertex 51.8 0.36 3.44
 endloop
endfacet
facet normal 1 0 0
 outer loop
  vertex 51.8 -0.36 2.48
  vertex 51.8 0.36 3.44
  vertex 51.8 -0.36 3.44
 endloop
endfacet
facet normal 0 0 -1
 outer loop
  vertex 52.08 -0.36 6.2
  vertex 52.08 0.36 6.2
  vertex 53.04 0.36 6.2
 endloop
endfacet
facet normal 0 0 -1
 outer loop
  vertex 52.08 -0.36 6.2
  vertex 53.04 0.36 6.2
  vertex 53.04 -0.36 6.2
 endloop
endfacet
facet normal 0 0 1
 outer loop
  vertex 52.08 -0.36 7.16
  vertex 53.04 -0.36 7.16
  vertex 53.04 0.36 7.16
 endloop
endfacet
facet normal 0 0 1
 outer loop
  vertex 52.08 -0.36 7.16
  vertex 53.04 0.36 7.16
  vertex 52.08 0.36 7.16
 endloop
endfacet
facet normal 0 -1 0
 outer loop
  vertex 52.08 -0.36 6.2
  vertex 53.04 -0.36 6.2
  vertex 53.04 -0.36 7.16
 endloop
endfacet
facet normal 0 -1 0
 outer loop
  vertex 52.08 -0.36 6.2
  vertex 53.04 -0.36 7.16
  vertex 52.08 -0.36 7.16
 endloop
endfacet
facet normal 0 1 0
 outer loop
  vertex 52.08 0.36 6.2
  vertex 52.08 0.36 7.16
  vertex 53.04 0.36 7.16
 endloop
endfacet
facet normal 0 1 0
 outer loop
  vertex 52.08 0.36 6.2
  vertex 53.04 0.36 7.16
  vertex 53.04 0.36 6.2
 endloop
endfacet
facet normal -1 0 0
 outer loop
  vertex 52.08 -0.36 6.2
  vertex 52.08 -0.36 7.16
  vertex 52.08 0.36 7.16
 endloop
endfacet
facet normal -1 0 0
 outer loop
  vertex 52.08 -0.36 6.2
  vertex 52.08 0.36 7.16
  vertex 52.08 0.36 6.2
 endloop
endfacet
facet normal 1 0 0
 outer loop
  vertex 53.04 -0.36 6.2
  vertex 53.04 0.36 6.2
  vertex 53.04 0.36 7.16
 endloop
endfacet
facet normal 1 0 0
 outer loop
  vertex 53.04 -0.36 6.2
  vertex 53.04 0.36 7.16
  vertex 53.04 -0.36 7.16
 endloop
endfacet
facet normal 0 0 -1
 outer loop
  vertex 52.08 -0.36 4.96
  vertex 52.08 0.36 4.96
  vertex 53.04 0.36 4.96
 endloop
endfacet
facet normal 0 0 -1
 outer loop
  vertex 52.08 -0.36 4.96
  vertex 53.04 0.36 4.96
  vertex 53.04 -0.36 4.96
 endloop
endfacet
facet normal 0 0 1
 outer loop
  vertex 52.08 -0.36 5.92
  vertex 53.04 -0.36 5.92
  vertex 53.04 0.36 5.92
 endloop
endfacet
facet normal 0 0 1
 outer loop
  vertex 52.08 -0.36 5.92
  vertex 53.04 0.36 5.92
  vertex 52.08 0.36 5.92
 endloop
endfacet
facet normal 0 -1 0
 outer loop
  vertex 52.08 -0.36 4.96
  vertex 53.04 -0.36 4.96
  vertex 53.04 -0.36 5.92
 endloop
endfacet
facet normal 0 -1 0
 outer loop
  vertex 52.08 -0.36 4.96
  vertex 53.04 -0.36 5.92
  vertex 52.08 -0.36 5.92
 endloop
endfacet
facet normal 0 1 0
 outer loop
  vertex 52.08 0.36 4.96
  vertex 52.08 0.36 5.92
  vertex 53.04 0.36 5.92
 endloop
endfacet
facet normal 0 1 0
 outer loop
  vertex 52.08 0.36 4.96
  vertex 53.04 0.36 5.92
  vertex 53.04 0.36 4.96
 endloop
endfacet
facet normal -1 0 0
 outer loop
  vertex 52.08 -0.36 4.96
  vertex 52.08 -0.36 5.92
  vertex 52.08 0.36 5.92
 endloop
endfacet
facet normal -1 0 0
 outer loop
  vertex 52.08 -0.36 4.96
  vertex 52.08 0.36 5.92
  vertex 52.08 0.36 4.96
 endloop
endfacet
facet normal 1 0 0
 outer loop
  vertex 53.04 -0.36 4.96
  vertex 53.04 0.36 4.96
  vertex 53.04 0.36 5.92
 endloop
endfacet
facet normal 1 0 0
 outer loop
  vertex 53.04 -0.36 4.96
  vertex 53.04 0.36 5.92
  vertex 53.04 -0.36 5.92
 endloop
endfacet
facet normal 0 0 -1
 outer loop
  vertex 52.08 -0.36 3.72
  vertex 52.08 0.36 3.72
  vertex 53.04 0.36 3.72
 endloop
endfacet
facet normal 0 0 -1
 outer loop
  vertex 52.08 -0.36 3.72
  vertex 53.04 0.36 3.72
  vertex 53.04 -0.36 3.72
 endloop
endfacet
facet normal 0 0 1
 outer loop
  vertex 52.08 -0.36 4.68
  vertex 53.04 -0.36 4.68
  vertex 53.04 0.36 4.68
 endloop
endfacet
facet normal 0 0 1
 outer loop
  vertex 52.08 -0.36 4.68
  vertex 53.04 0.36 4.68
  vertex 52.08 0.36 4.68
 endloop
endfacet
facet normal 0 -1 0
 outer loop
  vertex 52.08 -0.36 3.72
  vertex 53.04 -0.36 3.72
  vertex 53.04 -0.36 4.68
 endloop
endfacet
facet normal 0 -1 0
 outer loop
  vertex 52.08 -0.36 3.72
  vertex 53.04 -0.36 4.68
  vertex 52.08 -0.36 4.68
 endloop
endfacet
facet normal 0 1 0
 outer loop
  vertex 52.08 0.36 3.72
  vertex 52.08 0.36 4.68
  vertex 53.04 0.36 4.68
 endloop
endfacet
facet normal 0 1 0
 outer loop
  vertex 52.08 0.36 3.72
  vertex 53.04 0.36 4.68
  vertex 53.04 0.36 3.72
 endloop
endfacet
facet normal -1 0 0
 outer loop
  vertex 52.08 -0.36 3.72
  vertex 52.08 -0.36 4.68
  vertex 52.08 0.36 4.68
 endloop
endfacet
facet normal -1 0 0
 outer loop
  vertex 52.08 -0.36 3.72
  vertex 52.08 0.36 4.68
  vertex 52.08 0.36 3.72
 endloop
endfacet
facet normal 1 0 0
 outer loop
  vertex 53.04 -0.36 3.72
  vertex 53.04 0.36 3.72
  vertex 53.04 0.36 4.68
 endloop
endfacet
facet normal 1 0 0
 outer loop
  vertex 53.04 -0.36 3.72
  vertex 53.04 0.36 4.68
  vertex 53.04 -0.36 4.68
 endloop
endfacet
facet normal 0 0 -1
 outer loop
  vertex 52.08 -0.36 2.48
  vertex 52.08 0.36 2.48
  vertex 53.04 0.36 2.48
 endloop
endfacet
facet normal 0 0 -1
 outer loop
  vertex 52.08 -0.36 2.48
  vertex 53.04 0.36 2.48
  vertex 53.04 -0.36 2.48
 endloop
endfacet
facet normal 0 0 1
 outer loop
  vertex 52.08 -0.36 3.44
  vertex 53.04 -0.36 3.44
  vertex 53.04 0.36 3.44
 endloop
endfacet
facet normal 0 0 1
 outer loop
  vertex 52.08 -0.36 3.44
  vertex 53.04 0.36 3.44
  vertex 52.08 0.36 3.44
 endloop
endfacet
facet normal 0 -1 0
 outer loop
  vertex 52.08 -0.36 2.48
  vertex 53.04 -0.36 2.48
  vertex 53.04 -0.36 3.44
 endloop
endfacet
facet normal 0 -1 0
 outer loop
  vertex 52.08 -0.36 2.48
  vertex 53.04 -0.36 3.44
  vertex 52.08 -0.36 3.44
 endloop
endfacet
facet normal 0 1 0
 outer loop
  vertex 52.08 0.36 2.48
  vertex 52.08 0.36 3.44
  vertex 53.04 0.36 3.44
 endloop
endfacet
facet normal 0 1 0
 outer loop
  vertex 52.08 0.36 2.48
  vertex 53.04 0.36 3.44
  vertex 53.04 0.36 2.48
 endloop
endfacet
facet normal -1 0 0
 outer loop
  vertex 52.08 -0.36 2.48
  vertex 52.08 -0.36 3.44
  vertex 52.08 0.36 3.44
 endloop
endfacet
facet normal -1 0 0
 outer loop
  vertex 52.08 -0.36 2.48
  vertex 52.08 0.36 3.44
  vertex 52.08 0.36 2.48
 endloop
endfacet
facet normal 1 0 0
 outer loop
  vertex 53.04 -0.36 2.48
  vertex 53.04 0.36 2.48
  vertex 53.04 0.36 3.44
 endloop
endfacet
facet normal 1 0 0
 outer loop
  vertex 53.04 -0.36 2.48
  vertex 53.04 0.36 3.44
  vertex 53.04 -0.36 3.44
 endloop
endfacet
facet normal 0 0 -1
 outer loop
  vertex 52.08 -0.36 1.24
  vertex 52.08 0.36 1.24
  vertex 53.04 0.36 1.24
 endloop
endfacet
facet normal 0 0 -1
 outer loop
  vertex 52.08 -0.36 1.24
  vertex 53.04 0.36 1.24
  vertex 53.04 -0.36 1.24
 endloop
endfacet
facet normal 0 0 1
 outer loop
  vertex 52.08 -0.36 2.2
  vertex 53.04 -0.36 2.2
  vertex 53.04 0.36 2.2
 endloop
endfacet
facet normal 0 0 1
 outer loop
  vertex 52.08 -0.36 2.2
  vertex 53.04 0.36 2.2
  vertex 52.08 0.36 2.2
 endloop
endfacet
facet normal 0 -1 0
 outer loop
  vertex 52.08 -0.36 1.24
  vertex 53.04 -0.36 1.24
  vertex 53.04 -0.36 2.2
 endloop
endfacet
facet normal 0 -1 0
 outer loop
  vertex 52.08 -0.36 1.24
  vertex 53.04 -0.36 2.2
  vertex 52.08 -0.36 2.2
 endloop
endfacet
facet normal 0 1 0
 outer loop
  vertex 52.08 0.36 1.24
  vertex 52.08 0.36 2.2
  vertex 53.04 0.36 2.2
 endloop
endfacet
facet normal 0 1 0
 outer loop
  vertex 52.08 0.36 1.24
  vertex 53.04 0.36 2.2
  vertex 53.04 0.36 1.24
 endloop
endfacet
facet normal -1 0 0
 outer loop
  vertex 52.08 -0.36 1.24
  vertex 52.08 -0.36 2.2
  vertex 52.08 0.36 2.2
 endloop
endfacet
facet normal -1 0 0
 outer loop
  vertex 52.08 -0.36 1.24
  vertex 52.08 0.36 2.2
  vertex 52.08 0.36 1.24
 endloop
endfacet
facet normal 1 0 0
 outer loop
  vertex 53.04 -0.36 1.24
  vertex 53.04 0.36 1.24
  vertex 53.04 0.36 2.2
 endloop
endfacet
facet normal 1 0 0
 outer loop
  vertex 53.04 -0.36 1.24
  vertex 53.04 0.36 2.2
  vertex 53.04 -0.36 2.2
 endloop
endfacet
facet normal 0 0 -1
 outer loop
  vertex 53.32 -0.36 4.96
  vertex 53.32 0.36 4.96
  vertex 54.28 0.36 4.96
 endloop
endfacet
facet normal 0 0 -1
 outer loop
  vertex 53.32 -0.36 4.96
  vertex 54.28 0.36 4.96
  vertex 54.28 -0.36 4.96
 endloop
endfacet
facet normal 0 0 1
 outer loop
  vertex 53.32 -0.36 5.92
  vertex 54.28 -0.36 5.92
  vertex 54.28 0.36 5.92
 endloop
endfacet
facet normal 0 0 1
 outer loop
  vertex 53.32 -0.36 5.92
  vertex 54.28 0.36 5.92
  vertex 53.32 0.36 5.92
 endloop
endfacet
facet normal 0 -1 0
 outer loop
  vertex 53.32 -0.36 4.96
  vertex 54.28 -0.36 4.96
  vertex 54.28 -0.36 5.92
 endloop
endfacet
facet normal 0 -1 0
 outer loop
  vertex 53.32 -0.36 4.96
  vertex 54.28 -0.36 5.92
  vertex 53.32 -0.36 5.92
 endloop
endfacet
facet normal 0 1 0
 outer loop
  vertex 53.32 0.36 4.96
  vertex 53.32 0.36 5.92
  vertex 54.28 0.36 5.92
 endloop
endfacet
facet normal 0 1 0
 outer loop
  vertex 53.32 0.36 4.96
  vertex 54.28 0.36 5.92
  vertex 54.28 0.36 4.96
 endloop
endfacet
facet normal -1 0 0
 outer loop
  vertex 53.32 -0.36 4.96
  vertex 53.32 -0.36 5.92
  vertex 53.32 0.36 5.92
 endloop
endfacet
facet normal -1 0 0
 outer loop
  vertex 53.32 -0.36 4.96
  vertex 53.32 0.36 5.92
  vertex 53.32 0.36 4.96
 endloop
endfacet
facet normal 1 0 0
 outer loop
  vertex 54.28 -0.36 4.96
  vertex 54.28 0.36 4.96
  vertex 54.28 0.36 5.92
 endloop
endfacet
facet normal 1 0 0
 outer loop
  vertex 54.28 -0.36 4.96
  vertex 54.28 0.36 5.92
  vertex 54.28 -0.36 5.92
 endloop
endfacet
facet normal 0 0 -1
 outer loop
  vertex 53.32 -0.36 3.72
  vertex 53.32 0.36 3.72
  vertex 54.28 0.36 3.72
 endloop
endfacet
facet normal 0 0 -1
 outer loop
  vertex 53.32 -0.36 3.72
  vertex 54.28 0.36 3.72
  vertex 54.28 -0.36 3.72
 endloop
endfacet
facet normal 0 0 1
 outer loop
  vertex 53.32 -0.36 4.68
  vertex 54.28 -0.36 4.68
  vertex 54.28 0.36 4.68
 endloop
endfacet
facet normal 0 0 1
 outer loop
  vertex 53.32 -0.36 4.68
  vertex 54.28 0.36 4.68
  vertex 53.32 0.36 4.68
 endloop
endfacet
facet normal 0 -1 0
 outer loop
  vertex 53.32 -0.36 3.72
  vertex 54.28 -0.36 3.72
  vertex 54.28 -0.36 4.68
 endloop
endfacet
facet normal 0 -1 0
 outer loop
  vertex 53.32 -0.36 3.72
  vertex 54.28 -0.36 4.68
  vertex 53.32 -0.36 4.68
 endloop
endfacet
facet normal 0 1 0
 outer loop
  vertex 53.32 0.36 3.72
  vertex 53.32 0.36 4.68
  vertex 54.28 0.36 4.68
 endloop
endfacet
facet normal 0 1 0
 outer loop
  vertex 53.32 0.36 3.72
  vertex 54.28 0.36 4.68
  vertex 54.28 0.36 3.72
 endloop
endfacet
facet normal -1 0 0
 outer loop
  vertex 53.32 -0.36 3.72
  vertex 53.32 -0.36 4.68
  vertex 53.32 0.36 4.68
 endloop
endfacet
facet normal -1 0 0
 outer loop
  vertex 53.32 -0.36 3.72
  vertex 53.32 0.36 4.68
  vertex 53.32 0.36 3.72
 endloop
endfacet
facet normal 1 0 0
 outer loop
  vertex 54.28 -0.36 3.72
  vertex 54.28 0.36 3.72
  vertex 54.28 0.36 4.68
 endloop
endfacet
facet normal 1 0 0
 outer loop
  vertex 54.28 -0.36 3.72
  vertex 54.28 0.36 4.68
  vertex 54.28 -0.36 4.68
 endloop
endfacet
facet normal 0 0 -1
 outer loop
  vertex 53.32 -0.36 2.48
  vertex 53.32 0.36 2.48
  vertex 54.28 0.36 2.48
 endloop
endfacet
facet normal 0 0 -1
 outer loop
  vertex 53.32 -0.36 2.48
  vertex 54.28 0.36 2.48
  vertex 54.28 -0.36 2.48
 endloop
endfacet
facet normal 0 0 1
 outer loop
  vertex 53.32 -0.36 3.44
  vertex 54.28 -0.36 3.44
  vertex 54.28 0.36 3.44
 endloop
endfacet
facet normal 0 0 1
 outer loop
  vertex 53.32 -0.36 3.44
  vertex 54.28 0.36 3.44
  vertex 53.32 0.36 3.44
 endloop
endfacet
facet normal 0 -1 0
 outer loop
  vertex 53.32 -0.36 2.48
  vertex 54.28 -0.36 2.48
  vertex 54.28 -0.36 3.44
 endloop
endfacet
facet normal 0 -1 0
 outer loop
  vertex 53.32 -0.36 2.48
  vertex 54.28 -0.36 3.44
  vertex 53.32 -0.36 3.44
 endloop
endfacet
facet normal 0 1 0
 outer loop
  vertex 53.32 0.36 2.48
  vertex 53.32 0.36 3.44
  vertex 54.28 0.36 3.44
 endloop
endfacet
facet normal 0 1 0
 outer loop
  vertex 53.32 0.36 2.48
  vertex 54.28 0.36 3.44
  vertex 54.28 0.36 2.48
 endloop
endfacet
facet normal -1 0 0
 outer loop
  vertex 53.32 -0.36 2.48
  vertex 53.32 -0.36 3.44
  vertex 53.32 0.36 3.44
 endloop
endfacet
facet normal -1 0 0
 outer loop
  vertex 53.32 -0.36 2.48
  vertex 53.32 0.36 3.44
  vertex 53.32 0.36 2.48
 endloop
endfacet
facet normal 1 0 0
 outer loop
  vertex 54.28 -0.36 2.48
  vertex 54.28 0.36 2.48
  vertex 54.28 0.36 3.44
 endloop
endfacet
facet normal 1 0 0
 outer loop
  vertex 54.28 -0.36 2.48
  vertex 54.28 0.36 3.44
  vertex 54.28 -0.36 3.44
 endloop
endfacet
facet normal 0 0 -1
 outer loop
  vertex 53.32 -0.36 1.24
  vertex 53.32 0.36 1.24
  vertex 54.28 0.36 1.24
 endloop
endfacet
facet normal 0 0 -1
 outer loop
  vertex 53.32 -0.36 1.24
  vertex 54.28 0.36 1.24
  vertex 54.28 -0.36 1.24
 endloop
endfacet
facet normal 0 0 1
 outer loop
  vertex 53.32 -0.36 2.2
  vertex 54.28 -0.36 2.2
  vertex 54.28 0.36 2.2
 endloop
endfacet
facet normal 0 0 1
 outer loop
  vertex 53.32 -0.36 2.2
  vertex 54.28 0.36 2.2
  vertex 53.32 0.36 2.2
 endloop
endfacet
facet normal 0 -1 0
 outer loop
  vertex 53.32 -0.36 1.24
  vertex 54.28 -0.36 1.24
  vertex 54.28 -0.36 2.2
 endloop
endfacet
facet normal 0 -1 0
 outer loop
  vertex 53.32 -0.36 1.24
  vertex 54.28 -0.36 2.2
  vertex 53.32 -0.36 2.2
 endloop
endfacet
facet normal 0 1 0
 outer loop
  vertex 53.32 0.36 1.24
  vertex 53.32 0.36 2.2
  vertex 54.28 0.36 2.2
 endloop
endfacet
facet normal 0 1 0
 outer loop
  vertex 53.32 0.36 1.24
  vertex 54.28 0.36 2.2
  vertex 54.28 0.36 1.24
 endloop
endfacet
facet normal -1 0 0
 outer loop
  vertex 53.32 -0.36 1.24
  vertex 53.32 -0.36 2.2
  vertex 53.32 0.36 2.2
 endloop
endfacet
facet normal -1 0 0
 outer loop
  vertex 53.32 -0.36 1.24
  vertex 53.32 0.36 2.2
  vertex 53.32 0.36 1.24
 endloop
endfacet
facet normal 1 0 0
 outer loop
  vertex 54.28 -0.36 1.24
  vertex 54.28 0.36 1.24
  vertex 54.28 0.36 2.2
 endloop
endfacet
facet normal 1 0 0
 outer loop
  vertex 54.28 -0.36 1.24
  vertex 54.28 0.36 2.2
  vertex 54.28 -0.36 2.2
 endloop
endfacet
facet normal 0 0 -1
 outer loop
  vertex 53.32 -0.36 0
  vertex 53.32 0.36 0
  vertex 54.28 0.36 0
 endloop
endfacet
facet normal 0 0 -1
 outer loop
  vertex 53.32 -0.36 0
  vertex 54.28 0.36 0
  vertex 54.28 -0.36 0
 endloop
endfacet
facet normal 0 0 1
 outer loop
  vertex 53.32 -0.36 0.96
  vertex 54.28 -0.36 0.96
  vertex 54.28 0.36 0.96
 endloop
endfacet
facet normal 0 0 1
 outer loop
  vertex 53.32 -0.36 0.96
  vertex 54.28 0.36 0.96
  vertex 53.32 0.36 0.96
 endloop
endfacet
facet normal 0 -1 0
 outer loop
  vertex 53.32 -0.36 0
  vertex 54.28 -0.36 0
  vertex 54.28 -0.36 0.96
 endloop
endfacet
facet normal 0 -1 0
 outer loop
  vertex 53.32 -0.36 0
  vertex 54.28 -0.36 0.96
  vertex 53.32 -0.36 0.96
 endloop
endfacet
facet normal 0 1 0
 outer loop
  vertex 53.32 0.36 0
  vertex 53.32 0.36 0.96
  vertex 54.28 0.36 0.96
 endloop
endfacet
facet normal 0 1 0
 outer loop
  vertex 53.32 0.36 0
  vertex 54.28 0.36 0.96
  vertex 54.28 0.36 0
 endloop
endfacet
facet normal -1 0 0
 outer loop
  vertex 53.32 -0.36 0
  vertex 53.32 -0.36 0.96
  vertex 53.32 0.36 0.96
 endloop
endfacet
facet normal -1 0 0
 outer loop
  vertex 53.32 -0.36 0
  vertex 53.32 0.36 0.96
  vertex 53.32 0.36 0
 endloop
endfacet
facet normal 1 0 0
 outer loop
  vertex 54.28 -0.36 0
  vertex 54.28 0.36 0
  vertex 54.28 0.36 0.96
 endloop
endfacet
facet normal 1 0 0
 outer loop
  vertex 54.28 -0.36 0
  vertex 54.28 0.36 0.96
  vertex 54.28 -0.36 0.96
 endloop
endfacet
facet normal 0 0 -1
 outer loop
  vertex 54.56 -0.36 6.2
  vertex 54.56 0.36 6.2
  vertex 55.52 0.36 6.2
 endloop
endfacet
facet normal 0 0 -1
 outer loop
  vertex 54.56 -0.36 6.2
  vertex 55.52 0.36 6.2
  vertex 55.52 -0.36 6.2
 endloop
endfacet
facet normal 0 0 1
 outer loop
  vertex 54.56 -0.36 7.16
  vertex 55.52 -0.36 7.16
  vertex 55.52 0.36 7.16
 endloop
endfacet
facet normal 0 0 1
 outer loop
  vertex 54.56 -0.36 7.16
  vertex 55.52 0.36 7.16
  vertex 54.56 0.36 7.16
 endloop
endfacet
facet normal 0 -1 0
 outer loop
  vertex 54.56 -0.36 6.2
  vertex 55.52 -0.36 6.2
  vertex 55.52 -0.36 7.16
 endloop
endfacet
facet normal 0 -1 0
 outer loop
  vertex 54.56 -0.36 6.2
  vertex 55.52 -0.36 7.16
  vertex 54.56 -0.36 7.16
 endloop
endfacet
facet normal 0 1 0
 outer loop
  vertex 54.56 0.36 6.2
  vertex 54.56 0.36 7.16
  vertex 55.52 0.36 7.16
 endloop
endfacet
facet normal 0 1 0
 outer loop
  vertex 54.56 0.36 6.2
  vertex 55.52 0.36 7.16
  vertex 55.52 0.36 6.2
 endloop
endfacet
facet normal -1 0 0
 outer loop
  vertex 54.56 -0.36 6.2
  vertex 54.56 -0.36 7.16
  vertex 54.56 0.36 7.16
 endloop
endfacet
facet normal -1 0 0
 outer loop
  vertex 54.56 -0.36 6.2
  vertex 54.56 0.36 7.16
  vertex 54.56 0.36 6.2
 endloop
endfacet
facet normal 1 0 0
 outer loop
  vertex 55.52 -0.36 6.2
  vertex 55.52 0.36 6.2
  vertex 55.52 0.36 7.16
 endloop
endfacet
facet normal 1 0 0
 outer loop
  vertex 55.52 -0.36 6.2
  vertex 55.52 0.36 7.16
  vertex 55.52 -0.36 7.16
 endloop
endfacet
facet normal 0 0 -1
 outer loop
  vertex 54.56 -0.36 4.96
  vertex 54.56 0.36 4.96
  vertex 55.52 0.36 4.96
 endloop
endfacet
facet normal 0 0 -1
 outer loop
  vertex 54.56 -0.36 4.96
  vertex 55.52 0.36 4.96
  vertex 55.52 -0.36 4.96
 endloop
endfacet
facet normal 0 0 1
 outer loop
  vertex 54.56 -0.36 5.92
  vertex 55.52 -0.36 5.92
  vertex 55.52 0.36 5.92
 endloop
endfacet
facet normal 0 0 1
 outer loop
  vertex 54.56 -0.36 5.92
  vertex 55.52 0.36 5.92
  vertex 54.56 0.36 5.92
 endloop
endfacet
facet normal 0 -1 0
 outer loop
  vertex 54.56 -0.36 4.96
  vertex 55.52 -0.36 4.96
  vertex 55.52 -0.36 5.92
 endloop
endfacet
facet normal 0 -1 0
 outer loop
  vertex 54.56 -0.36 4.96
  vertex 55.52 -0.36 5.92
  vertex 54.56 -0.36 5.92
 endloop
endfacet
facet normal 0 1 0
 outer loop
  vertex 54.56 0.36 4.96
  vertex 54.56 0.36 5.92
  vertex 55.52 0.36 5.92
 endloop
endfacet
facet normal 0 1 0
 outer loop
  vertex 54.56 0.36 4.96
  vertex 55.52 0.36 5.92
  vertex 55.52 0.36 4.96
 endloop
endfacet
facet normal -1 0 0
 outer loop
  vertex 54.56 -0.36 4.96
  vertex 54.56 -0.36 5.92
  vertex 54.56 0.36 5.92
 endloop
endfacet
facet normal -1 0 0
 outer loop
  vertex 54.56 -0.36 4.96
  vertex 54.56 0.36 5.92
  vertex 54.56 0.36 4.96
 endloop
endfacet
facet normal 1 0 0
 outer loop
  vertex 55.52 -0.36 4.96
  vertex 55.52 0.36 4.96
  vertex 55.52 0.36 5.92
 endloop
endfacet
facet normal 1 0 0
 outer loop
  vertex 55.52 -0.36 4.96
  vertex 55.52 0.36 5.92
  vertex 55.52 -0.36 5.92
 endloop
endfacet
facet normal 0 0 -1
 outer loop
  vertex 54.56 -0.36 3.72
  vertex 54.56 0.36 3.72
  vertex 55.52 0.36 3.72
 endloop
endfacet
facet normal 0 0 -1
 outer loop
  vertex 54.56 -0.36 3.72
  vertex 55.52 0.36 3.72
  vertex 55.52 -0.36 3.72
 endloop
endfacet
facet normal 0 0 1
 outer loop
  vertex 54.56 -0.36 4.68
  vertex 55.52 -0.36 4.68
  vertex 55.52 0.36 4.68
 endloop
endfacet
facet normal 0 0 1
 outer loop
  vertex 54.56 -0.36 4.68
  vertex 55.52 0.36 4.68
  vertex 54.56 0.36 4.68
 endloop
endfacet
facet normal 0 -1 0
 outer loop
  vertex 54.56 -0.36 3.72
  vertex 55.52 -0.36 3.72
  vertex 55.52 -0.36 4.68
 endloop
endfacet
facet normal 0 -1 0
 outer loop
  vertex 54.56 -0.36 3.72
  vertex 55.52 -0.36 4.68
  vertex 54.56 -0.36 4.68
 endloop
endfacet
facet normal 0 1 0
 outer loop
  vertex 54.56 0.36 3.72
  vertex 54.56 0.36 4.68
  vertex 55.52 0.36 4.68
 endloop
endfacet
facet normal 0 1 0
 outer loop
  vertex 54.56 0.36 3.72
  vertex 55.52 0.36 4.68
  vertex 55.52 0.36 3.72
 endloop
endfacet
facet normal -1 0 0
 outer loop
  vertex 54.56 -0.36 3.72
  vertex 54.56 -0.36 4.68
  vertex 54.56 0.36 4.68
 endloop
endfacet
facet normal -1 0 0
 outer loop
  vertex 54.56 -0.36 3.72
  vertex 54.56 0.36 4.68
  vertex 54.56 0.36 3.72
 endloop
endfacet
facet normal 1 0 0
 outer loop
  vertex 55.52 -0.36 3.72
  vertex 55.52 0.36 3.72
  vertex 55.52 0.36 4.68
 endloop
endfacet
facet normal 1 0 0
 outer loop
  vertex 55.52 -0.36 3.72
  vertex 55.52 0.36 4.68
  vertex 55.52 -0.36 4.68
 endloop
endfacet
facet normal 0 0 -1
 outer loop
  vertex 54.56 -0.36 2.48
  vertex 54.56 0.36 2.48
  vertex 55.52 0.36 2.48
 endloop
endfacet
facet normal 0 0 -1
 outer loop
  vertex 54.56 -0.36 2.48
  vertex 55.52 0.36 2.48
  vertex 55.52 -0.36 2.48
 endloop
endfacet
facet normal 0 0 1
 outer loop
  vertex 54.56 -0.36 3.44
  vertex 55.52 -0.36 3.44
  vertex 55.52 0.36 3.44
 endloop
endfacet
facet normal 0 0 1
 outer loop
  vertex 54.56 -0.36 3.44
  vertex 55.52 0.36 3.44
  vertex 54.56 0.36 3.44
 endloop
endfacet
facet normal 0 -1 0
 outer loop
  vertex 54.56 -0.36 2.48
  vertex 55.52 -0.36 2.48
  vertex 55.52 -0.36 3.44
 endloop
endfacet
facet normal 0 -1 0
 outer loop
  vertex 54.56 -0.36 2.48
  vertex 55.52 -0.36 3.44
  vertex 54.56 -0.36 3.44
 endloop
endfacet
facet normal 0 1 0
 outer loop
  vertex 54.56 0.36 2.48
  vertex 54.56 0.36 3.44
  vertex 55.52 0.36 3.44
 endloop
endfacet
facet normal 0 1 0
 outer loop
  vertex 54.56 0.36 2.48
  vertex 55.52 0.36 3.44
  vertex 55.52 0.36 2.48
 endloop
endfacet
facet normal -1 0 0
 outer loop
  vertex 54.56 -0.36 2.48
  vertex 54.56 -0.36 3.44
  vertex 54.56 0.36 3.44
 endloop
endfacet
facet normal -1 0 0
 outer loop
  vertex 54.56 -0.36 2.48
  vertex 54.56 0.36 3.44
  vertex 54.56 0.36 2.48
 endloop
endfacet
facet normal 1 0 0
 outer loop
  vertex 55.52 -0.36 2.48
  vertex 55.52 0.36 2.48
  vertex 55.52 0.36 3.44
 endloop
endfacet
facet normal 1 0 0
 outer loop
  vertex 55.52 -0.36 2.48
  vertex 55.52 0.36 3.44
  vertex 55.52 -0.36 3.44
 endloop
endfacet
facet normal 0 0 -1
 outer loop
  vertex 54.56 -0.36 1.24
  vertex 54.56 0.36 1.24
  vertex 55.52 0.36 1.24
 endloop
endfacet
facet normal 0 0 -1
 outer loop
  vertex 54.56 -0.36 1.24
  vertex 55.52 0.36 1.24
  vertex 55.52 -0.36 1.24
 endloop
endfacet
facet normal 0 0 1
 outer loop
  vertex 54.56 -0.36 2.2
  vertex 55.52 -0.36 2.2
  vertex 55.52 0.36 2.2
 endloop
endfacet
facet normal 0 0 1
 outer loop
  vertex 54.56 -0.36 2.2
  vertex 55.52 0.36 2.2
  vertex 54.56 0.36 2.2
 endloop
endfacet
facet normal 0 -1 0
 outer loop
  vertex 54.56 -0.36 1.24
  vertex 55.52 -0.36 1.24
  vertex 55.52 -0.36 2.2
 endloop
endfacet
facet normal 0 -1 0
 outer loop
  vertex 54.56 -0.36 1.24
  vertex 55.52 -0.36 2.2
  vertex 54.56 -0.36 2.2
 endloop
endfacet
facet normal 0 1 0
 outer loop
  vertex 54.56 0.36 1.24
  vertex 54.56 0.36 2.2
  vertex 55.52 0.36 2.2
 endloop
endfacet
facet normal 0 1 0
 outer loop
  vertex 54.56 0.36 1.24
  vertex 55.52 0.36 2.2
  vertex 55.52 0.36 1.24
 endloop
endfacet
facet normal -1 0 0
 outer loop
  vertex 54.56 -0.36 1.24
  vertex 54.56 -0.36 2.2
  vertex 54.56 0.36 2.2
 endloop
endfacet
facet normal -1 0 0
 outer loop
  vertex 54.56 -0.36 1.24
  vertex 54.56 0.36 2.2
  vertex 54.56 0.36 1.24
 endloop
endfacet
facet normal 1 0 0
 outer loop
  vertex 55.52 -0.36 1.24
  vertex 55.52 0.36 1.24
  vertex 55.52 0.36 2.2
 endloop
endfacet
facet normal 1 0 0
 outer loop
  vertex 55.52 -0.36 1.24
  vertex 55.52 0.36 2.2
  vertex 55.52 -0.36 2.2
 endloop
endfacet
facet normal 0 0 -1
 outer loop
  vertex 55.8 -0.36 6.2
  vertex 55.8 0.36 6.2
  vertex 56.76 0.36 6.2
 endloop
endfacet
facet normal 0 0 -1
 outer loop
  vertex 55.8 -0.36 6.2
  vertex 56.76 0.36 6.2
  vertex 56.76 -0.36 6.2
 endloop
endfacet
facet normal 0 0 1
 outer loop
  vertex 55.8 -0.36 7.16
  vertex 56.76 -0.36 7.16
  vertex 56.76 0.36 7.16
 endloop
endfacet
facet normal 0 0 1
 outer loop
  vertex 55.8 -0.36 7.16
  vertex 56.76 0.36 7.16
  vertex 55.8 0.36 7.16
 endloop
endfacet
facet normal 0 -1 0
 outer loop
  vertex 55.8 -0.36 6.2
  vertex 56.76 -0.36 6.2
  vertex 56.76 -0.36 7.16
 endloop
endfacet
facet normal 0 -1 0
 outer loop
  vertex 55.8 -0.36 6.2
  vertex 56.76 -0.36 7.16
  vertex 55.8 -0.36 7.16
 endloop
endfacet
facet normal 0 1 0
 outer loop
  vertex 55.8 0.36 6.2
  vertex 55.8 0.36 7.16
  vertex 56.76 0.36 7.16
 endloop
endfacet
facet normal 0 1 0
 outer loop
  vertex 55.8 0.36 6.2
  vertex 56.76 0.36 7.16
  vertex 56.76 0.36 6.2
 endloop
endfacet
facet normal -1 0 0
 outer loop
  vertex 55.8 -0.36 6.2
  vertex 55.8 -0.36 7.16
  vertex 55.8 0.36 7.16
 endloop
endfacet
facet normal -1 0 0
 outer loop
  vertex 55.8 -0.36 6.2
  vertex 55.8 0.36 7.16
  vertex 55.8 0.36 6.2
 endloop
endfacet
facet normal 1 0 0
 outer loop
  vertex 56.76 -0.36 6.2
  vertex 56.76 0.36 6.2
  vertex 56.76 0.36 7.16
 endloop
endfacet
facet normal 1 0 0
 outer loop
  vertex 56.76 -0.36 6.2
  vertex 56.76 0.36 7.16
  vertex 56.76 -0.36 7.16
 endloop
endfacet
facet normal 0 0 -1
 outer loop
  vertex 55.8 -0.36 4.96
  vertex 55.8 0.36 4.96
  vertex 56.76 0.36 4.96
 endloop
endfacet
facet normal 0 0 -1
 outer loop
  vertex 55.8 -0.36 4.96
  vertex 56.76 0.36 4.96
  vertex 56.76 -0.36 4.96
 endloop
endfacet
facet normal 0 0 1
 outer loop
  vertex 55.8 -0.36 5.92
  vertex 56.76 -0.36 5.92
  vertex 56.76 0.36 5.92
 endloop
endfacet
facet normal 0 0 1
 outer loop
  vertex 55.8 -0.36 5.92
  vertex 56.76 0.36 5.92
  vertex 55.8 0.36 5.92
 endloop
endfacet
facet normal 0 -1 0
 outer loop
  vertex 55.8 -0.36 4.96
  vertex 56.76 -0.36 4.96
  vertex 56.76 -0.36 5.92
 endloop
endfacet
facet normal 0 -1 0
 outer loop
  vertex 55.8 -0.36 4.96
  vertex 56.76 -0.36 5.92
  vertex 55.8 -0.36 5.92
 endloop
endfacet
facet normal 0 1 0
 outer loop
  vertex 55.8 0.36 4.96
  vertex 55.8 0.36 5.92
  vertex 56.76 0.36 5.92
 endloop
endfacet
facet normal 0 1 0
 outer loop
  vertex 55.8 0.36 4.96
  vertex 56.76 0.36 5.92
  vertex 56.76 0.36 4.96
 endloop
endfacet
facet normal -1 0 0
 outer loop
  vertex 55.8 -0.36 4.96
  vertex 55.8 -0.36 5.92
  vertex 55.8 0.36 5.92
 endloop
endfacet
facet normal -1 0 0
 outer loop
  vertex 55.8 -0.36 4.96
  vertex 55.8 0.36 5.92
  vertex 55.8 0.36 4.96
 endloop
endfacet
facet normal 1 0 0
 outer loop
  vertex 56.76 -0.36 4.96
  vertex 56.76 0.36 4.96
  vertex 56.76 0.36 5.92
 endloop
endfacet
facet normal 1 0 0
 outer loop
  vertex 56.76 -0.36 4.96
  vertex 56.76 0.36 5.92
  vertex 56.76 -0.36 5.92
 endloop
endfacet
facet normal 0 0 -1
 outer loop
  vertex 55.8 -0.36 3.72
  vertex 55.8 0.36 3.72
  vertex 56.76 0.36 3.72
 endloop
endfacet
facet normal 0 0 -1
 outer loop
  vertex 55.8 -0.36 3.72
  vertex 56.76 0.36 3.72
  vertex 56.76 -0.36 3.72
 endloop
endfacet
facet normal 0 0 1
 outer loop
  vertex 55.8 -0.36 4.68
  vertex 56.76 -0.36 4.68
  vertex 56.76 0.36 4.68
 endloop
endfacet
facet normal 0 0 1
 outer loop
  vertex 55.8 -0.36 4.68
  vertex 56.76 0.36 4.68
  vertex 55.8 0.36 4.68
 endloop
endfacet
facet normal 0 -1 0
 outer loop
  vertex 55.8 -0.36 3.72
  vertex 56.76 -0.36 3.72
  vertex 56.76 -0.36 4.68
 endloop
endfacet
facet normal 0 -1 0
 outer loop
  vertex 55.8 -0.36 3.72
  vertex 56.76 -0.36 4.68
  vertex 55.8 -0.36 4.68
 endloop
endfacet
facet normal 0 1 0
 outer loop
  vertex 55.8 0.36 3.72
  vertex 55.8 0.36 4.68
  vertex 56.76 0.36 4.68
 endloop
endfacet
facet normal 0 1 0
 outer loop
  vertex 55.8 0.36 3.72
  vertex 56.76 0.36 4.68
  vertex 56.76 0.36 3.72
 endloop
endfacet
facet normal -1 0 0
 outer loop
  vertex 55.8 -0.36 3.72
  vertex 55.8 -0.36 4.68
  vertex 55.8 0.36 4.68
 endloop
endfacet
facet normal -1 0 0
 outer loop
  vertex 55.8 -0.36 3.72
  vertex 55.8 0.36 4.68
  vertex 55.8 0.36 3.72
 endloop
endfacet
facet normal 1 0 0
 outer loop
  vertex 56.76 -0.36 3.72
  vertex 56.76 0.36 3.72
  vertex 56.76 0.36 4.68
 endloop
endfacet
facet normal 1 0 0
 outer loop
  vertex 56.76 -0.36 3.72
  vertex 56.76 0.36 4.68
  vertex 56.76 -0.36 4.68
 endloop
endfacet
facet normal 0 0 -1
 outer loop
  vertex 55.8 -0.36 2.48
  vertex 55.8 0.36 2.48
  vertex 56.76 0.36 2.48
 endloop
endfacet
facet normal 0 0 -1
 outer loop
  vertex 55.8 -0.36 2.48
  vertex 56.76 0.36 2.48
  vertex 56.76 -0.36 2.48
 endloop
endfacet
facet normal 0 0 1
 outer loop
  vertex 55.8 -0.36 3.44
  vertex 56.76 -0.36 3.44
  vertex 56.76 0.36 3.44
 endloop
endfacet
facet normal 0 0 1
 outer loop
  vertex 55.8 -0.36 3.44
  vertex 56.76 0.36 3.44
  vertex 55.8 0.36 3.44
 endloop
endfacet
facet normal 0 -1 0
 outer loop
  vertex 55.8 -0.36 2.48
  vertex 56.76 -0.36 2.48
  vertex 56.76 -0.36 3.44
 endloop
endfacet
facet normal 0 -1 0
 outer loop
  vertex 55.8 -0.36 2.48
  vertex 56.76 -0.36 3.44
  vertex 55.8 -0.36 3.44
 endloop
endfacet
facet normal 0 1 0
 outer loop
  vertex 55.8 0.36 2.48
  vertex 55.8 0.36 3.44
  vertex 56.76 0.36 3.44
 endloop
endfacet
facet normal 0 1 0
 outer loop
  vertex 55.8 0.36 2.48
  vertex 56.76 0.36 3.44
  vertex 56.76 0.36 2.48
 endloop
endfacet
facet normal -1 0 0
 outer loop
  vertex 55.8 -0.36 2.48
  vertex 55.8 -0.36 3.44
  vertex 55.8 0.36 3.44
 endloop
endfacet
facet normal -1 0 0
 outer loop
  vertex 55.8 -0.36 2.48
  vertex 55.8 0.36 3.44
  vertex 55.8 0.36 2.48
 endloop
endfacet
facet normal 1 0 0
 outer loop
  vertex 56.76 -0.36 2.48
  vertex 56.76 0.36 2.48
  vertex 56.76 0.36 3.44
 endloop
endfacet
facet normal 1 0 0
 outer loop
  vertex 56.76 -0.36 2.48
  vertex 56.76 0.36 3.44
  vertex 56.76 -0.36 3.44
 endloop
endfacet
facet normal 0 0 -1
 outer loop
  vertex 57.04 -0.36 4.96
  vertex 57.04 0.36 4.96
  vertex 58 0.36 4.96
 endloop
endfacet
facet normal 0 0 -1
 outer loop
  vertex 57.04 -0.36 4.96
  vertex 58 0.36 4.96
  vertex 58 -0.36 4.96
 endloop
endfacet
facet normal 0 0 1
 outer loop
  vertex 57.04 -0.36 5.92
  vertex 58 -0.36 5.92
  vertex 58 0.36 5.92
 endloop
endfacet
facet normal 0 0 1
 outer loop
  vertex 57.04 -0.36 5.92
  vertex 58 0.36 5.92
  vertex 57.04 0.36 5.92
 endloop
endfacet
facet normal 0 -1 0
 outer loop
  vertex 57.04 -0.36 4.96
  vertex 58 -0.36 4.96
  vertex 58 -0.36 5.92
 endloop
endfacet
facet normal 0 -1 0
 outer loop
  vertex 57.04 -0.36 4.96
  vertex 58 -0.36 5.92
  vertex 57.04 -0.36 5.92
 endloop
endfacet
facet normal 0 1 0
 outer loop
  vertex 57.04 0.36 4.96
  vertex 57.04 0.36 5.92
  vertex 58 0.36 5.92
 endloop
endfacet
facet normal 0 1 0
 outer loop
  vertex 57.04 0.36 4.96
  vertex 58 0.36 5.92
  vertex 58 0.36 4.96
 endloop
endfacet
facet normal -1 0 0
 outer loop
  vertex 57.04 -0.36 4.96
  vertex 57.04 -0.36 5.92
  vertex 57.04 0.36 5.92
 endloop
endfacet
facet normal -1 0 0
 outer loop
  vertex 57.04 -0.36 4.96
  vertex 57.04 0.36 5.92
  vertex 57.04 0.36 4.96
 endloop
endfacet
facet normal 1 0 0
 outer loop
  vertex 58 -0.36 4.96
  vertex 58 0.36 4.96
  vertex 58 0.36 5.92
 endloop
endfacet
facet normal 1 0 0
 outer loop
  vertex 58 -0.36 4.96
  vertex 58 0.36 5.92
  vertex 58 -0.36 5.92
 endloop
endfacet
facet normal 0 0 -1
 outer loop
  vertex 57.04 -0.36 3.72
  vertex 57.04 0.36 3.72
  vertex 58 0.36 3.72
 endloop
endfacet
facet normal 0 0 -1
 outer loop
  vertex 57.04 -0.36 3.72
  vertex 58 0.36 3.72
  vertex 58 -0.36 3.72
 endloop
endfacet
facet normal 0 0 1
 outer loop
  vertex 57.04 -0.36 4.68
  vertex 58 -0.36 4.68
  vertex 58 0.36 4.68
 endloop
endfacet
facet normal 0 0 1
 outer loop
  vertex 57.04 -0.36 4.68
  vertex 58 0.36 4.68
  vertex 57.04 0.36 4.68
 endloop
endfacet
facet normal 0 -1 0
 outer loop
  vertex 57.04 -0.36 3.72
  vertex 58 -0.36 3.72
  vertex 58 -0.36 4.68
 endloop
endfacet
facet normal 0 -1 0
 outer loop
  vertex 57.04 -0.36 3.72
  vertex 58 -0.36 4.68
  vertex 57.04 -0.36 4.68
 endloop
endfacet
facet normal 0 1 0
 outer loop
  vertex 57.04 0.36 3.72
  vertex 57.04 0.36 4.68
  vertex 58 0.36 4.68
 endloop
endfacet
facet normal 0 1 0
 outer loop
  vertex 57.04 0.36 3.72
  vertex 58 0.36 4.68
  vertex 58 0.36 3.72
 endloop
endfacet
facet normal -1 0 0
 outer loop
  vertex 57.04 -0.36 3.72
  vertex 57.04 -0.36 4.68
  vertex 57.04 0.36 4.68
 endloop
endfacet
facet normal -1 0 0
 outer loop
  vertex 57.04 -0.36 3.72
  vertex 57.04 0.36 4.68
  vertex 57.04 0.36 3.72
 endloop
endfacet
facet normal 1 0 0
 outer loop
  vertex 58 -0.36 3.72
  vertex 58 0.36 3.72
  vertex 58 0.36 4.68
 endloop
endfacet
facet normal 1 0 0
 outer loop
  vertex 58 -0.36 3.72
  vertex 58 0.36 4.68
  vertex 58 -0.36 4.68
 endloop
endfacet
endsolid github_commit_hearts
